image_name,image_path,true_scene_label,thesis_class,predicted_label,confidence,top5_predictions,semantically_aligned
Places365_val_00000220.jpg,/Users/aidahamzic/PycharmProjects/PythonProject1/val_256/Places365_val_00000220.jpg,skyscraper,building,solar dish,0.5907,"[{""rank"": 1, ""label"": ""solar dish"", ""confidence"": 0.5907}, {""rank"": 2, ""label"": ""bell cote"", ""confidence"": 0.0606}, {""rank"": 3, ""label"": ""freight car"", ""confidence"": 0.0272}, {""rank"": 4, ""label"": ""radio"", ""confidence"": 0.0228}, {""rank"": 5, ""label"": ""desktop computer"", ""confidence"": 0.0173}]",False
Places365_val_00000451.jpg,/Users/aidahamzic/PycharmProjects/PythonProject1/val_256/Places365_val_00000451.jpg,skyscraper,building,scoreboard,0.5644,"[{""rank"": 1, ""label"": ""scoreboard"", ""confidence"": 0.5644}, {""rank"": 2, ""label"": ""brass"", ""confidence"": 0.0346}, {""rank"": 3, ""label"": ""container ship"", ""confidence"": 0.0318}, {""rank"": 4, ""label"": ""traffic light"", ""confidence"": 0.0257}, {""rank"": 5, ""label"": ""water bottle"", ""confidence"": 0.0208}]",False
Places365_val_00001239.jpg,/Users/aidahamzic/PycharmProjects/PythonProject1/val_256/Places365_val_00001239.jpg,skyscraper,building,beacon,0.2872,"[{""rank"": 1, ""label"": ""beacon"", ""confidence"": 0.2872}, {""rank"": 2, ""label"": ""bell cote"", ""confidence"": 0.1381}, {""rank"": 3, ""label"": ""picket fence"", ""confidence"": 0.0397}, {""rank"": 4, ""label"": ""flagpole"", ""confidence"": 0.0376}, {""rank"": 5, ""label"": ""water tower"", ""confidence"": 0.0268}]",False
Places365_val_00003876.jpg,/Users/aidahamzic/PycharmProjects/PythonProject1/val_256/Places365_val_00003876.jpg,skyscraper,building,fireboat,0.3167,"[{""rank"": 1, ""label"": ""fireboat"", ""confidence"": 0.3167}, {""rank"": 2, ""label"": ""drilling platform"", ""confidence"": 0.1696}, {""rank"": 3, ""label"": ""breakwater"", ""confidence"": 0.0615}, {""rank"": 4, ""label"": ""container ship"", ""confidence"": 0.0405}, {""rank"": 5, ""label"": ""trimaran"", ""confidence"": 0.0402}]",False
Places365_val_00008426.jpg,/Users/aidahamzic/PycharmProjects/PythonProject1/val_256/Places365_val_00008426.jpg,skyscraper,building,seashore,0.4891,"[{""rank"": 1, ""label"": ""seashore"", ""confidence"": 0.4891}, {""rank"": 2, ""label"": ""lakeside"", ""confidence"": 0.2095}, {""rank"": 3, ""label"": ""sandbar"", ""confidence"": 0.0382}, {""rank"": 4, ""label"": ""dock"", ""confidence"": 0.0176}, {""rank"": 5, ""label"": ""trailer truck"", ""confidence"": 0.0134}]",False
Places365_val_00010025.jpg,/Users/aidahamzic/PycharmProjects/PythonProject1/val_256/Places365_val_00010025.jpg,house,building,traffic light,0.076,"[{""rank"": 1, ""label"": ""traffic light"", ""confidence"": 0.076}, {""rank"": 2, ""label"": ""Model T"", ""confidence"": 0.0625}, {""rank"": 3, ""label"": ""limousine"", ""confidence"": 0.0586}, {""rank"": 4, ""label"": ""passenger car"", ""confidence"": 0.0544}, {""rank"": 5, ""label"": ""steam locomotive"", ""confidence"": 0.0527}]",False
Places365_val_00012079.jpg,/Users/aidahamzic/PycharmProjects/PythonProject1/val_256/Places365_val_00012079.jpg,skyscraper,building,water tower,0.8186,"[{""rank"": 1, ""label"": ""water tower"", ""confidence"": 0.8186}, {""rank"": 2, ""label"": ""beacon"", ""confidence"": 0.0942}, {""rank"": 3, ""label"": ""solar dish"", ""confidence"": 0.0088}, {""rank"": 4, ""label"": ""lakeside"", ""confidence"": 0.0078}, {""rank"": 5, ""label"": ""radio telescope"", ""confidence"": 0.0067}]",False
Places365_val_00013343.jpg,/Users/aidahamzic/PycharmProjects/PythonProject1/val_256/Places365_val_00013343.jpg,skyscraper,building,aircraft carrier,0.4261,"[{""rank"": 1, ""label"": ""aircraft carrier"", ""confidence"": 0.4261}, {""rank"": 2, ""label"": ""dock"", ""confidence"": 0.079}, {""rank"": 3, ""label"": ""seashore"", ""confidence"": 0.0504}, {""rank"": 4, ""label"": ""submarine"", ""confidence"": 0.0497}, {""rank"": 5, ""label"": ""airliner"", ""confidence"": 0.0454}]",False
Places365_val_00014957.jpg,/Users/aidahamzic/PycharmProjects/PythonProject1/val_256/Places365_val_00014957.jpg,skyscraper,building,seashore,0.0942,"[{""rank"": 1, ""label"": ""seashore"", ""confidence"": 0.0942}, {""rank"": 2, ""label"": ""lakeside"", ""confidence"": 0.0918}, {""rank"": 3, ""label"": ""airship"", ""confidence"": 0.0676}, {""rank"": 4, ""label"": ""bell cote"", ""confidence"": 0.0603}, {""rank"": 5, ""label"": ""fireboat"", ""confidence"": 0.0601}]",False
Places365_val_00017022.jpg,/Users/aidahamzic/PycharmProjects/PythonProject1/val_256/Places365_val_00017022.jpg,house,building,minivan,0.2445,"[{""rank"": 1, ""label"": ""minivan"", ""confidence"": 0.2445}, {""rank"": 2, ""label"": ""minibus"", ""confidence"": 0.2041}, {""rank"": 3, ""label"": ""trolleybus"", ""confidence"": 0.0377}, {""rank"": 4, ""label"": ""passenger car"", ""confidence"": 0.0358}, {""rank"": 5, ""label"": ""rain barrel"", ""confidence"": 0.0313}]",False
Places365_val_00018299.jpg,/Users/aidahamzic/PycharmProjects/PythonProject1/val_256/Places365_val_00018299.jpg,skyscraper,building,drilling platform,0.4922,"[{""rank"": 1, ""label"": ""drilling platform"", ""confidence"": 0.4922}, {""rank"": 2, ""label"": ""stage"", ""confidence"": 0.0773}, {""rank"": 3, ""label"": ""crane"", ""confidence"": 0.0352}, {""rank"": 4, ""label"": ""electric guitar"", ""confidence"": 0.0348}, {""rank"": 5, ""label"": ""bell cote"", ""confidence"": 0.03}]",False
Places365_val_00018410.jpg,/Users/aidahamzic/PycharmProjects/PythonProject1/val_256/Places365_val_00018410.jpg,house,building,guillotine,0.3292,"[{""rank"": 1, ""label"": ""guillotine"", ""confidence"": 0.3292}, {""rank"": 2, ""label"": ""analog clock"", ""confidence"": 0.1404}, {""rank"": 3, ""label"": ""street sign"", ""confidence"": 0.0771}, {""rank"": 4, ""label"": ""bell cote"", ""confidence"": 0.043}, {""rank"": 5, ""label"": ""bannister"", ""confidence"": 0.0382}]",False
Places365_val_00018621.jpg,/Users/aidahamzic/PycharmProjects/PythonProject1/val_256/Places365_val_00018621.jpg,skyscraper,building,stage,0.1569,"[{""rank"": 1, ""label"": ""stage"", ""confidence"": 0.1569}, {""rank"": 2, ""label"": ""scoreboard"", ""confidence"": 0.1004}, {""rank"": 3, ""label"": ""fountain"", ""confidence"": 0.0977}, {""rank"": 4, ""label"": ""bell cote"", ""confidence"": 0.0807}, {""rank"": 5, ""label"": ""candle"", ""confidence"": 0.0441}]",False
Places365_val_00018904.jpg,/Users/aidahamzic/PycharmProjects/PythonProject1/val_256/Places365_val_00018904.jpg,skyscraper,building,crane,0.0993,"[{""rank"": 1, ""label"": ""crane"", ""confidence"": 0.0993}, {""rank"": 2, ""label"": ""flagpole"", ""confidence"": 0.0855}, {""rank"": 3, ""label"": ""solar dish"", ""confidence"": 0.0706}, {""rank"": 4, ""label"": ""bell cote"", ""confidence"": 0.0694}, {""rank"": 5, ""label"": ""suspension bridge"", ""confidence"": 0.0391}]",False
Places365_val_00019174.jpg,/Users/aidahamzic/PycharmProjects/PythonProject1/val_256/Places365_val_00019174.jpg,house,building,convertible,0.1208,"[{""rank"": 1, ""label"": ""convertible"", ""confidence"": 0.1208}, {""rank"": 2, ""label"": ""minivan"", ""confidence"": 0.0873}, {""rank"": 3, ""label"": ""limousine"", ""confidence"": 0.0567}, {""rank"": 4, ""label"": ""beach wagon"", ""confidence"": 0.0564}, {""rank"": 5, ""label"": ""solar dish"", ""confidence"": 0.0389}]",False
Places365_val_00019699.jpg,/Users/aidahamzic/PycharmProjects/PythonProject1/val_256/Places365_val_00019699.jpg,skyscraper,building,drilling platform,0.3079,"[{""rank"": 1, ""label"": ""drilling platform"", ""confidence"": 0.3079}, {""rank"": 2, ""label"": ""stage"", ""confidence"": 0.1144}, {""rank"": 3, ""label"": ""bell cote"", ""confidence"": 0.088}, {""rank"": 4, ""label"": ""fountain"", ""confidence"": 0.0585}, {""rank"": 5, ""label"": ""torch"", ""confidence"": 0.0415}]",False
Places365_val_00025437.jpg,/Users/aidahamzic/PycharmProjects/PythonProject1/val_256/Places365_val_00025437.jpg,skyscraper,building,steam locomotive,0.0986,"[{""rank"": 1, ""label"": ""steam locomotive"", ""confidence"": 0.0986}, {""rank"": 2, ""label"": ""trailer truck"", ""confidence"": 0.0677}, {""rank"": 3, ""label"": ""loudspeaker"", ""confidence"": 0.0536}, {""rank"": 4, ""label"": ""space heater"", ""confidence"": 0.0504}, {""rank"": 5, ""label"": ""solar dish"", ""confidence"": 0.0432}]",False
Places365_val_00025507.jpg,/Users/aidahamzic/PycharmProjects/PythonProject1/val_256/Places365_val_00025507.jpg,skyscraper,building,aircraft carrier,0.3462,"[{""rank"": 1, ""label"": ""aircraft carrier"", ""confidence"": 0.3462}, {""rank"": 2, ""label"": ""liner"", ""confidence"": 0.1723}, {""rank"": 3, ""label"": ""dock"", ""confidence"": 0.0762}, {""rank"": 4, ""label"": ""drilling platform"", ""confidence"": 0.0623}, {""rank"": 5, ""label"": ""scoreboard"", ""confidence"": 0.0376}]",False
Places365_val_00025970.jpg,/Users/aidahamzic/PycharmProjects/PythonProject1/val_256/Places365_val_00025970.jpg,house,building,snowplow,0.2353,"[{""rank"": 1, ""label"": ""snowplow"", ""confidence"": 0.2353}, {""rank"": 2, ""label"": ""gas pump"", ""confidence"": 0.1032}, {""rank"": 3, ""label"": ""streetcar"", ""confidence"": 0.0734}, {""rank"": 4, ""label"": ""apiary"", ""confidence"": 0.0571}, {""rank"": 5, ""label"": ""trolleybus"", ""confidence"": 0.0536}]",False
Places365_val_00027163.jpg,/Users/aidahamzic/PycharmProjects/PythonProject1/val_256/Places365_val_00027163.jpg,skyscraper,building,seashore,0.2005,"[{""rank"": 1, ""label"": ""seashore"", ""confidence"": 0.2005}, {""rank"": 2, ""label"": ""bell cote"", ""confidence"": 0.1009}, {""rank"": 3, ""label"": ""promontory"", ""confidence"": 0.0938}, {""rank"": 4, ""label"": ""lakeside"", ""confidence"": 0.0887}, {""rank"": 5, ""label"": ""airship"", ""confidence"": 0.0434}]",False
Places365_val_00028156.jpg,/Users/aidahamzic/PycharmProjects/PythonProject1/val_256/Places365_val_00028156.jpg,skyscraper,building,folding chair,0.5648,"[{""rank"": 1, ""label"": ""folding chair"", ""confidence"": 0.5648}, {""rank"": 2, ""label"": ""rocking chair"", ""confidence"": 0.2113}, {""rank"": 3, ""label"": ""park bench"", ""confidence"": 0.0582}, {""rank"": 4, ""label"": ""bannister"", ""confidence"": 0.0295}, {""rank"": 5, ""label"": ""solar dish"", ""confidence"": 0.0208}]",False
Places365_val_00028253.jpg,/Users/aidahamzic/PycharmProjects/PythonProject1/val_256/Places365_val_00028253.jpg,skyscraper,building,airship,0.2822,"[{""rank"": 1, ""label"": ""airship"", ""confidence"": 0.2822}, {""rank"": 2, ""label"": ""drilling platform"", ""confidence"": 0.1631}, {""rank"": 3, ""label"": ""aircraft carrier"", ""confidence"": 0.1443}, {""rank"": 4, ""label"": ""submarine"", ""confidence"": 0.0621}, {""rank"": 5, ""label"": ""steel arch bridge"", ""confidence"": 0.027}]",False
Places365_val_00029193.jpg,/Users/aidahamzic/PycharmProjects/PythonProject1/val_256/Places365_val_00029193.jpg,skyscraper,building,space heater,0.345,"[{""rank"": 1, ""label"": ""space heater"", ""confidence"": 0.345}, {""rank"": 2, ""label"": ""radiator"", ""confidence"": 0.214}, {""rank"": 3, ""label"": ""turnstile"", ""confidence"": 0.1135}, {""rank"": 4, ""label"": ""fire screen"", ""confidence"": 0.0447}, {""rank"": 5, ""label"": ""ashcan"", ""confidence"": 0.0252}]",False
Places365_val_00029489.jpg,/Users/aidahamzic/PycharmProjects/PythonProject1/val_256/Places365_val_00029489.jpg,house,building,mobile home,0.3623,"[{""rank"": 1, ""label"": ""mobile home"", ""confidence"": 0.3623}, {""rank"": 2, ""label"": ""limousine"", ""confidence"": 0.1467}, {""rank"": 3, ""label"": ""moving van"", ""confidence"": 0.0732}, {""rank"": 4, ""label"": ""convertible"", ""confidence"": 0.0247}, {""rank"": 5, ""label"": ""minivan"", ""confidence"": 0.0212}]",False
Places365_val_00033695.jpg,/Users/aidahamzic/PycharmProjects/PythonProject1/val_256/Places365_val_00033695.jpg,skyscraper,building,cab,0.3762,"[{""rank"": 1, ""label"": ""cab"", ""confidence"": 0.3762}, {""rank"": 2, ""label"": ""beach wagon"", ""confidence"": 0.143}, {""rank"": 3, ""label"": ""sports car"", ""confidence"": 0.0526}, {""rank"": 4, ""label"": ""minivan"", ""confidence"": 0.0524}, {""rank"": 5, ""label"": ""convertible"", ""confidence"": 0.0426}]",False
Places365_val_00033834.jpg,/Users/aidahamzic/PycharmProjects/PythonProject1/val_256/Places365_val_00033834.jpg,skyscraper,building,hamper,0.2575,"[{""rank"": 1, ""label"": ""hamper"", ""confidence"": 0.2575}, {""rank"": 2, ""label"": ""shopping basket"", ""confidence"": 0.1344}, {""rank"": 3, ""label"": ""suspension bridge"", ""confidence"": 0.0244}, {""rank"": 4, ""label"": ""wool"", ""confidence"": 0.0235}, {""rank"": 5, ""label"": ""solar dish"", ""confidence"": 0.0231}]",False
Places365_val_00035371.jpg,/Users/aidahamzic/PycharmProjects/PythonProject1/val_256/Places365_val_00035371.jpg,skyscraper,building,airship,0.3215,"[{""rank"": 1, ""label"": ""airship"", ""confidence"": 0.3215}, {""rank"": 2, ""label"": ""parachute"", ""confidence"": 0.1321}, {""rank"": 3, ""label"": ""balloon"", ""confidence"": 0.0743}, {""rank"": 4, ""label"": ""volcano"", ""confidence"": 0.0587}, {""rank"": 5, ""label"": ""seashore"", ""confidence"": 0.0308}]",False
Places365_val_00035687.jpg,/Users/aidahamzic/PycharmProjects/PythonProject1/val_256/Places365_val_00035687.jpg,skyscraper,building,solar dish,0.9592,"[{""rank"": 1, ""label"": ""solar dish"", ""confidence"": 0.9592}, {""rank"": 2, ""label"": ""scoreboard"", ""confidence"": 0.0072}, {""rank"": 3, ""label"": ""flagpole"", ""confidence"": 0.0061}, {""rank"": 4, ""label"": ""container ship"", ""confidence"": 0.0048}, {""rank"": 5, ""label"": ""street sign"", ""confidence"": 0.0042}]",False
Places365_val_00035841.jpg,/Users/aidahamzic/PycharmProjects/PythonProject1/val_256/Places365_val_00035841.jpg,skyscraper,building,submarine,0.0989,"[{""rank"": 1, ""label"": ""submarine"", ""confidence"": 0.0989}, {""rank"": 2, ""label"": ""dock"", ""confidence"": 0.0699}, {""rank"": 3, ""label"": ""breakwater"", ""confidence"": 0.0585}, {""rank"": 4, ""label"": ""lakeside"", ""confidence"": 0.0563}, {""rank"": 5, ""label"": ""airship"", ""confidence"": 0.0508}]",False
Places365_val_00002186.jpg,/Users/aidahamzic/PycharmProjects/PythonProject1/val_256/Places365_val_00002186.jpg,rainforest,forest,rapeseed,0.1668,"[{""rank"": 1, ""label"": ""rapeseed"", ""confidence"": 0.1668}, {""rank"": 2, ""label"": ""yellow lady's slipper"", ""confidence"": 0.0712}, {""rank"": 3, ""label"": ""worm fence"", ""confidence"": 0.0603}, {""rank"": 4, ""label"": ""pot"", ""confidence"": 0.0457}, {""rank"": 5, ""label"": ""jigsaw puzzle"", ""confidence"": 0.0447}]",False
Places365_val_00003055.jpg,/Users/aidahamzic/PycharmProjects/PythonProject1/val_256/Places365_val_00003055.jpg,rainforest,forest,pot,0.4269,"[{""rank"": 1, ""label"": ""pot"", ""confidence"": 0.4269}, {""rank"": 2, ""label"": ""lorikeet"", ""confidence"": 0.1276}, {""rank"": 3, ""label"": ""greenhouse"", ""confidence"": 0.0649}, {""rank"": 4, ""label"": ""strawberry"", ""confidence"": 0.0521}, {""rank"": 5, ""label"": ""hip"", ""confidence"": 0.0469}]",False
Places365_val_00004044.jpg,/Users/aidahamzic/PycharmProjects/PythonProject1/val_256/Places365_val_00004044.jpg,rainforest,forest,lakeside,0.1273,"[{""rank"": 1, ""label"": ""lakeside"", ""confidence"": 0.1273}, {""rank"": 2, ""label"": ""worm fence"", ""confidence"": 0.0667}, {""rank"": 3, ""label"": ""park bench"", ""confidence"": 0.0663}, {""rank"": 4, ""label"": ""patio"", ""confidence"": 0.0581}, {""rank"": 5, ""label"": ""malamute"", ""confidence"": 0.0388}]",False
Places365_val_00004280.jpg,/Users/aidahamzic/PycharmProjects/PythonProject1/val_256/Places365_val_00004280.jpg,rainforest,forest,Madagascar cat,0.3195,"[{""rank"": 1, ""label"": ""Madagascar cat"", ""confidence"": 0.3195}, {""rank"": 2, ""label"": ""Chihuahua"", ""confidence"": 0.0802}, {""rank"": 3, ""label"": ""indri"", ""confidence"": 0.0662}, {""rank"": 4, ""label"": ""toy terrier"", ""confidence"": 0.0537}, {""rank"": 5, ""label"": ""jaguar"", ""confidence"": 0.0428}]",False
Places365_val_00005444.jpg,/Users/aidahamzic/PycharmProjects/PythonProject1/val_256/Places365_val_00005444.jpg,rainforest,forest,buckeye,0.4022,"[{""rank"": 1, ""label"": ""buckeye"", ""confidence"": 0.4022}, {""rank"": 2, ""label"": ""ear"", ""confidence"": 0.2188}, {""rank"": 3, ""label"": ""zucchini"", ""confidence"": 0.0423}, {""rank"": 4, ""label"": ""corn"", ""confidence"": 0.035}, {""rank"": 5, ""label"": ""cucumber"", ""confidence"": 0.0326}]",False
Places365_val_00005534.jpg,/Users/aidahamzic/PycharmProjects/PythonProject1/val_256/Places365_val_00005534.jpg,rainforest,forest,patio,0.3074,"[{""rank"": 1, ""label"": ""patio"", ""confidence"": 0.3074}, {""rank"": 2, ""label"": ""pot"", ""confidence"": 0.278}, {""rank"": 3, ""label"": ""thatch"", ""confidence"": 0.0922}, {""rank"": 4, ""label"": ""greenhouse"", ""confidence"": 0.0426}, {""rank"": 5, ""label"": ""boathouse"", ""confidence"": 0.0182}]",False
Places365_val_00005542.jpg,/Users/aidahamzic/PycharmProjects/PythonProject1/val_256/Places365_val_00005542.jpg,rainforest,forest,harvester,0.0779,"[{""rank"": 1, ""label"": ""harvester"", ""confidence"": 0.0779}, {""rank"": 2, ""label"": ""lumbermill"", ""confidence"": 0.0741}, {""rank"": 3, ""label"": ""tractor"", ""confidence"": 0.0717}, {""rank"": 4, ""label"": ""worm fence"", ""confidence"": 0.0627}, {""rank"": 5, ""label"": ""thresher"", ""confidence"": 0.0501}]",False
Places365_val_00006239.jpg,/Users/aidahamzic/PycharmProjects/PythonProject1/val_256/Places365_val_00006239.jpg,rainforest,forest,broccoli,0.044,"[{""rank"": 1, ""label"": ""broccoli"", ""confidence"": 0.044}, {""rank"": 2, ""label"": ""common newt"", ""confidence"": 0.026}, {""rank"": 3, ""label"": ""dung beetle"", ""confidence"": 0.026}, {""rank"": 4, ""label"": ""tailed frog"", ""confidence"": 0.0199}, {""rank"": 5, ""label"": ""European fire salamander"", ""confidence"": 0.0194}]",False
Places365_val_00006338.jpg,/Users/aidahamzic/PycharmProjects/PythonProject1/val_256/Places365_val_00006338.jpg,rainforest,forest,jeep,0.3945,"[{""rank"": 1, ""label"": ""jeep"", ""confidence"": 0.3945}, {""rank"": 2, ""label"": ""police van"", ""confidence"": 0.3177}, {""rank"": 3, ""label"": ""minibus"", ""confidence"": 0.1307}, {""rank"": 4, ""label"": ""ambulance"", ""confidence"": 0.0469}, {""rank"": 5, ""label"": ""garbage truck"", ""confidence"": 0.022}]",False
Places365_val_00007903.jpg,/Users/aidahamzic/PycharmProjects/PythonProject1/val_256/Places365_val_00007903.jpg,rainforest,forest,park bench,0.2047,"[{""rank"": 1, ""label"": ""park bench"", ""confidence"": 0.2047}, {""rank"": 2, ""label"": ""viaduct"", ""confidence"": 0.1295}, {""rank"": 3, ""label"": ""megalith"", ""confidence"": 0.1198}, {""rank"": 4, ""label"": ""worm fence"", ""confidence"": 0.0866}, {""rank"": 5, ""label"": ""stone wall"", ""confidence"": 0.0373}]",False
Places365_val_00010582.jpg,/Users/aidahamzic/PycharmProjects/PythonProject1/val_256/Places365_val_00010582.jpg,rainforest,forest,zebra,0.404,"[{""rank"": 1, ""label"": ""zebra"", ""confidence"": 0.404}, {""rank"": 2, ""label"": ""skunk"", ""confidence"": 0.1293}, {""rank"": 3, ""label"": ""Madagascar cat"", ""confidence"": 0.0574}, {""rank"": 4, ""label"": ""tiger"", ""confidence"": 0.0269}, {""rank"": 5, ""label"": ""echidna"", ""confidence"": 0.0212}]",False
Places365_val_00010680.jpg,/Users/aidahamzic/PycharmProjects/PythonProject1/val_256/Places365_val_00010680.jpg,rainforest,forest,cloak,0.205,"[{""rank"": 1, ""label"": ""cloak"", ""confidence"": 0.205}, {""rank"": 2, ""label"": ""mountain tent"", ""confidence"": 0.1481}, {""rank"": 3, ""label"": ""alp"", ""confidence"": 0.0501}, {""rank"": 4, ""label"": ""suspension bridge"", ""confidence"": 0.0392}, {""rank"": 5, ""label"": ""snowmobile"", ""confidence"": 0.0382}]",False
Places365_val_00012510.jpg,/Users/aidahamzic/PycharmProjects/PythonProject1/val_256/Places365_val_00012510.jpg,rainforest,forest,suspension bridge,0.898,"[{""rank"": 1, ""label"": ""suspension bridge"", ""confidence"": 0.898}, {""rank"": 2, ""label"": ""steel arch bridge"", ""confidence"": 0.0351}, {""rank"": 3, ""label"": ""dam"", ""confidence"": 0.0312}, {""rank"": 4, ""label"": ""crane"", ""confidence"": 0.0047}, {""rank"": 5, ""label"": ""radio telescope"", ""confidence"": 0.0044}]",False
Places365_val_00012817.jpg,/Users/aidahamzic/PycharmProjects/PythonProject1/val_256/Places365_val_00012817.jpg,rainforest,forest,worm fence,0.0636,"[{""rank"": 1, ""label"": ""worm fence"", ""confidence"": 0.0636}, {""rank"": 2, ""label"": ""mountain bike"", ""confidence"": 0.0541}, {""rank"": 3, ""label"": ""stone wall"", ""confidence"": 0.042}, {""rank"": 4, ""label"": ""viaduct"", ""confidence"": 0.0343}, {""rank"": 5, ""label"": ""suspension bridge"", ""confidence"": 0.0279}]",False
Places365_val_00013170.jpg,/Users/aidahamzic/PycharmProjects/PythonProject1/val_256/Places365_val_00013170.jpg,rainforest,forest,sulphur butterfly,0.2948,"[{""rank"": 1, ""label"": ""sulphur butterfly"", ""confidence"": 0.2948}, {""rank"": 2, ""label"": ""yellow lady's slipper"", ""confidence"": 0.2096}, {""rank"": 3, ""label"": ""fig"", ""confidence"": 0.1014}, {""rank"": 4, ""label"": ""hip"", ""confidence"": 0.0937}, {""rank"": 5, ""label"": ""mantis"", ""confidence"": 0.043}]",False
Places365_val_00014485.jpg,/Users/aidahamzic/PycharmProjects/PythonProject1/val_256/Places365_val_00014485.jpg,rainforest,forest,cloak,0.2128,"[{""rank"": 1, ""label"": ""cloak"", ""confidence"": 0.2128}, {""rank"": 2, ""label"": ""tusker"", ""confidence"": 0.1229}, {""rank"": 3, ""label"": ""Indian elephant"", ""confidence"": 0.0828}, {""rank"": 4, ""label"": ""mosquito net"", ""confidence"": 0.08}, {""rank"": 5, ""label"": ""baboon"", ""confidence"": 0.0317}]",False
Places365_val_00016634.jpg,/Users/aidahamzic/PycharmProjects/PythonProject1/val_256/Places365_val_00016634.jpg,rainforest,forest,howler monkey,0.1111,"[{""rank"": 1, ""label"": ""howler monkey"", ""confidence"": 0.1111}, {""rank"": 2, ""label"": ""limpkin"", ""confidence"": 0.0836}, {""rank"": 3, ""label"": ""peacock"", ""confidence"": 0.0598}, {""rank"": 4, ""label"": ""greenhouse"", ""confidence"": 0.0518}, {""rank"": 5, ""label"": ""coucal"", ""confidence"": 0.043}]",False
Places365_val_00017144.jpg,/Users/aidahamzic/PycharmProjects/PythonProject1/val_256/Places365_val_00017144.jpg,rainforest,forest,worm fence,0.2512,"[{""rank"": 1, ""label"": ""worm fence"", ""confidence"": 0.2512}, {""rank"": 2, ""label"": ""mountain bike"", ""confidence"": 0.2275}, {""rank"": 3, ""label"": ""mountain tent"", ""confidence"": 0.0612}, {""rank"": 4, ""label"": ""stone wall"", ""confidence"": 0.0414}, {""rank"": 5, ""label"": ""lakeside"", ""confidence"": 0.0342}]",False
Places365_val_00017243.jpg,/Users/aidahamzic/PycharmProjects/PythonProject1/val_256/Places365_val_00017243.jpg,rainforest,forest,three-toed sloth,0.3094,"[{""rank"": 1, ""label"": ""three-toed sloth"", ""confidence"": 0.3094}, {""rank"": 2, ""label"": ""howler monkey"", ""confidence"": 0.135}, {""rank"": 3, ""label"": ""indri"", ""confidence"": 0.1181}, {""rank"": 4, ""label"": ""toucan"", ""confidence"": 0.1181}, {""rank"": 5, ""label"": ""proboscis monkey"", ""confidence"": 0.0792}]",False
Places365_val_00017246.jpg,/Users/aidahamzic/PycharmProjects/PythonProject1/val_256/Places365_val_00017246.jpg,rainforest,forest,restaurant,0.0822,"[{""rank"": 1, ""label"": ""restaurant"", ""confidence"": 0.0822}, {""rank"": 2, ""label"": ""jigsaw puzzle"", ""confidence"": 0.0585}, {""rank"": 3, ""label"": ""pot"", ""confidence"": 0.0427}, {""rank"": 4, ""label"": ""Christmas stocking"", ""confidence"": 0.0422}, {""rank"": 5, ""label"": ""dining table"", ""confidence"": 0.0255}]",False
Places365_val_00017910.jpg,/Users/aidahamzic/PycharmProjects/PythonProject1/val_256/Places365_val_00017910.jpg,rainforest,forest,hartebeest,0.3121,"[{""rank"": 1, ""label"": ""hartebeest"", ""confidence"": 0.3121}, {""rank"": 2, ""label"": ""plow"", ""confidence"": 0.1588}, {""rank"": 3, ""label"": ""worm fence"", ""confidence"": 0.1024}, {""rank"": 4, ""label"": ""lumbermill"", ""confidence"": 0.0621}, {""rank"": 5, ""label"": ""oxcart"", ""confidence"": 0.0377}]",False
Places365_val_00018285.jpg,/Users/aidahamzic/PycharmProjects/PythonProject1/val_256/Places365_val_00018285.jpg,rainforest,forest,lakeside,0.0855,"[{""rank"": 1, ""label"": ""lakeside"", ""confidence"": 0.0855}, {""rank"": 2, ""label"": ""apiary"", ""confidence"": 0.0787}, {""rank"": 3, ""label"": ""peacock"", ""confidence"": 0.0415}, {""rank"": 4, ""label"": ""bighorn"", ""confidence"": 0.0348}, {""rank"": 5, ""label"": ""goose"", ""confidence"": 0.0275}]",False
Places365_val_00018717.jpg,/Users/aidahamzic/PycharmProjects/PythonProject1/val_256/Places365_val_00018717.jpg,rainforest,forest,cloak,0.0777,"[{""rank"": 1, ""label"": ""cloak"", ""confidence"": 0.0777}, {""rank"": 2, ""label"": ""tusker"", ""confidence"": 0.0765}, {""rank"": 3, ""label"": ""American black bear"", ""confidence"": 0.0532}, {""rank"": 4, ""label"": ""worm fence"", ""confidence"": 0.0383}, {""rank"": 5, ""label"": ""wild boar"", ""confidence"": 0.0284}]",False
Places365_val_00020618.jpg,/Users/aidahamzic/PycharmProjects/PythonProject1/val_256/Places365_val_00020618.jpg,rainforest,forest,suspension bridge,0.9712,"[{""rank"": 1, ""label"": ""suspension bridge"", ""confidence"": 0.9712}, {""rank"": 2, ""label"": ""stupa"", ""confidence"": 0.0158}, {""rank"": 3, ""label"": ""worm fence"", ""confidence"": 0.0042}, {""rank"": 4, ""label"": ""bannister"", ""confidence"": 0.0011}, {""rank"": 5, ""label"": ""pier"", ""confidence"": 0.0009}]",False
Places365_val_00021985.jpg,/Users/aidahamzic/PycharmProjects/PythonProject1/val_256/Places365_val_00021985.jpg,rainforest,forest,buckeye,0.1629,"[{""rank"": 1, ""label"": ""buckeye"", ""confidence"": 0.1629}, {""rank"": 2, ""label"": ""eft"", ""confidence"": 0.0547}, {""rank"": 3, ""label"": ""stinkhorn"", ""confidence"": 0.0317}, {""rank"": 4, ""label"": ""cock"", ""confidence"": 0.0303}, {""rank"": 5, ""label"": ""coral fungus"", ""confidence"": 0.0298}]",False
Places365_val_00023221.jpg,/Users/aidahamzic/PycharmProjects/PythonProject1/val_256/Places365_val_00023221.jpg,rainforest,forest,rapeseed,0.3013,"[{""rank"": 1, ""label"": ""rapeseed"", ""confidence"": 0.3013}, {""rank"": 2, ""label"": ""sulphur butterfly"", ""confidence"": 0.244}, {""rank"": 3, ""label"": ""bee"", ""confidence"": 0.0759}, {""rank"": 4, ""label"": ""yellow lady's slipper"", ""confidence"": 0.0452}, {""rank"": 5, ""label"": ""cabbage butterfly"", ""confidence"": 0.0447}]",False
Places365_val_00024624.jpg,/Users/aidahamzic/PycharmProjects/PythonProject1/val_256/Places365_val_00024624.jpg,rainforest,forest,lawn mower,0.1518,"[{""rank"": 1, ""label"": ""lawn mower"", ""confidence"": 0.1518}, {""rank"": 2, ""label"": ""croquet ball"", ""confidence"": 0.148}, {""rank"": 3, ""label"": ""tricycle"", ""confidence"": 0.0374}, {""rank"": 4, ""label"": ""pay-phone"", ""confidence"": 0.0343}, {""rank"": 5, ""label"": ""barrow"", ""confidence"": 0.026}]",False
Places365_val_00025352.jpg,/Users/aidahamzic/PycharmProjects/PythonProject1/val_256/Places365_val_00025352.jpg,rainforest,forest,great grey owl,0.4853,"[{""rank"": 1, ""label"": ""great grey owl"", ""confidence"": 0.4853}, {""rank"": 2, ""label"": ""ringlet"", ""confidence"": 0.1593}, {""rank"": 3, ""label"": ""lycaenid"", ""confidence"": 0.1281}, {""rank"": 4, ""label"": ""indri"", ""confidence"": 0.0804}, {""rank"": 5, ""label"": ""admiral"", ""confidence"": 0.0158}]",False
Places365_val_00026137.jpg,/Users/aidahamzic/PycharmProjects/PythonProject1/val_256/Places365_val_00026137.jpg,rainforest,forest,giant panda,0.1095,"[{""rank"": 1, ""label"": ""giant panda"", ""confidence"": 0.1095}, {""rank"": 2, ""label"": ""sloth bear"", ""confidence"": 0.0807}, {""rank"": 3, ""label"": ""lesser panda"", ""confidence"": 0.0538}, {""rank"": 4, ""label"": ""mongoose"", ""confidence"": 0.0419}, {""rank"": 5, ""label"": ""Komodo dragon"", ""confidence"": 0.0403}]",False
Places365_val_00027671.jpg,/Users/aidahamzic/PycharmProjects/PythonProject1/val_256/Places365_val_00027671.jpg,rainforest,forest,worm fence,0.1514,"[{""rank"": 1, ""label"": ""worm fence"", ""confidence"": 0.1514}, {""rank"": 2, ""label"": ""mountain tent"", ""confidence"": 0.0399}, {""rank"": 3, ""label"": ""lakeside"", ""confidence"": 0.0354}, {""rank"": 4, ""label"": ""apiary"", ""confidence"": 0.0298}, {""rank"": 5, ""label"": ""mountain bike"", ""confidence"": 0.0269}]",False
Places365_val_00029722.jpg,/Users/aidahamzic/PycharmProjects/PythonProject1/val_256/Places365_val_00029722.jpg,rainforest,forest,little blue heron,0.6465,"[{""rank"": 1, ""label"": ""little blue heron"", ""confidence"": 0.6465}, {""rank"": 2, ""label"": ""black stork"", ""confidence"": 0.131}, {""rank"": 3, ""label"": ""bittern"", ""confidence"": 0.0672}, {""rank"": 4, ""label"": ""white stork"", ""confidence"": 0.0456}, {""rank"": 5, ""label"": ""bustard"", ""confidence"": 0.0294}]",False
Places365_val_00029822.jpg,/Users/aidahamzic/PycharmProjects/PythonProject1/val_256/Places365_val_00029822.jpg,rainforest,forest,suspension bridge,0.0906,"[{""rank"": 1, ""label"": ""suspension bridge"", ""confidence"": 0.0906}, {""rank"": 2, ""label"": ""bow"", ""confidence"": 0.0685}, {""rank"": 3, ""label"": ""harp"", ""confidence"": 0.0501}, {""rank"": 4, ""label"": ""cloak"", ""confidence"": 0.0498}, {""rank"": 5, ""label"": ""fountain"", ""confidence"": 0.046}]",False
Places365_val_00029966.jpg,/Users/aidahamzic/PycharmProjects/PythonProject1/val_256/Places365_val_00029966.jpg,rainforest,forest,greenhouse,0.724,"[{""rank"": 1, ""label"": ""greenhouse"", ""confidence"": 0.724}, {""rank"": 2, ""label"": ""steel arch bridge"", ""confidence"": 0.2123}, {""rank"": 3, ""label"": ""suspension bridge"", ""confidence"": 0.0119}, {""rank"": 4, ""label"": ""pier"", ""confidence"": 0.0097}, {""rank"": 5, ""label"": ""planetarium"", ""confidence"": 0.0032}]",False
Places365_val_00031689.jpg,/Users/aidahamzic/PycharmProjects/PythonProject1/val_256/Places365_val_00031689.jpg,rainforest,forest,common newt,0.0501,"[{""rank"": 1, ""label"": ""common newt"", ""confidence"": 0.0501}, {""rank"": 2, ""label"": ""eft"", ""confidence"": 0.0428}, {""rank"": 3, ""label"": ""bittern"", ""confidence"": 0.0292}, {""rank"": 4, ""label"": ""African chameleon"", ""confidence"": 0.0249}, {""rank"": 5, ""label"": ""spider web"", ""confidence"": 0.0236}]",False
Places365_val_00031838.jpg,/Users/aidahamzic/PycharmProjects/PythonProject1/val_256/Places365_val_00031838.jpg,rainforest,forest,wallaby,0.3181,"[{""rank"": 1, ""label"": ""wallaby"", ""confidence"": 0.3181}, {""rank"": 2, ""label"": ""dingo"", ""confidence"": 0.2643}, {""rank"": 3, ""label"": ""red fox"", ""confidence"": 0.0907}, {""rank"": 4, ""label"": ""red wolf"", ""confidence"": 0.0781}, {""rank"": 5, ""label"": ""dhole"", ""confidence"": 0.0511}]",False
Places365_val_00033009.jpg,/Users/aidahamzic/PycharmProjects/PythonProject1/val_256/Places365_val_00033009.jpg,rainforest,forest,tench,0.0882,"[{""rank"": 1, ""label"": ""tench"", ""confidence"": 0.0882}, {""rank"": 2, ""label"": ""barracouta"", ""confidence"": 0.0733}, {""rank"": 3, ""label"": ""greenhouse"", ""confidence"": 0.0438}, {""rank"": 4, ""label"": ""worm fence"", ""confidence"": 0.033}, {""rank"": 5, ""label"": ""cloak"", ""confidence"": 0.0264}]",False
Places365_val_00033147.jpg,/Users/aidahamzic/PycharmProjects/PythonProject1/val_256/Places365_val_00033147.jpg,rainforest,forest,suspension bridge,0.1128,"[{""rank"": 1, ""label"": ""suspension bridge"", ""confidence"": 0.1128}, {""rank"": 2, ""label"": ""radio telescope"", ""confidence"": 0.093}, {""rank"": 3, ""label"": ""viaduct"", ""confidence"": 0.087}, {""rank"": 4, ""label"": ""steel arch bridge"", ""confidence"": 0.0748}, {""rank"": 5, ""label"": ""promontory"", ""confidence"": 0.0569}]",False
Places365_val_00034563.jpg,/Users/aidahamzic/PycharmProjects/PythonProject1/val_256/Places365_val_00034563.jpg,rainforest,forest,jackfruit,0.2779,"[{""rank"": 1, ""label"": ""jackfruit"", ""confidence"": 0.2779}, {""rank"": 2, ""label"": ""mountain bike"", ""confidence"": 0.1298}, {""rank"": 3, ""label"": ""unicycle"", ""confidence"": 0.0815}, {""rank"": 4, ""label"": ""sarong"", ""confidence"": 0.0362}, {""rank"": 5, ""label"": ""tench"", ""confidence"": 0.0323}]",False
Places365_val_00034824.jpg,/Users/aidahamzic/PycharmProjects/PythonProject1/val_256/Places365_val_00034824.jpg,rainforest,forest,ruffed grouse,0.2177,"[{""rank"": 1, ""label"": ""ruffed grouse"", ""confidence"": 0.2177}, {""rank"": 2, ""label"": ""echidna"", ""confidence"": 0.128}, {""rank"": 3, ""label"": ""cardoon"", ""confidence"": 0.1086}, {""rank"": 4, ""label"": ""sea urchin"", ""confidence"": 0.0679}, {""rank"": 5, ""label"": ""porcupine"", ""confidence"": 0.0491}]",False
Places365_val_00034875.jpg,/Users/aidahamzic/PycharmProjects/PythonProject1/val_256/Places365_val_00034875.jpg,rainforest,forest,gorilla,0.4161,"[{""rank"": 1, ""label"": ""gorilla"", ""confidence"": 0.4161}, {""rank"": 2, ""label"": ""American black bear"", ""confidence"": 0.1403}, {""rank"": 3, ""label"": ""wild boar"", ""confidence"": 0.0435}, {""rank"": 4, ""label"": ""chimpanzee"", ""confidence"": 0.0296}, {""rank"": 5, ""label"": ""siamang"", ""confidence"": 0.0295}]",False
Places365_val_00035055.jpg,/Users/aidahamzic/PycharmProjects/PythonProject1/val_256/Places365_val_00035055.jpg,rainforest,forest,suspension bridge,0.7855,"[{""rank"": 1, ""label"": ""suspension bridge"", ""confidence"": 0.7855}, {""rank"": 2, ""label"": ""worm fence"", ""confidence"": 0.1062}, {""rank"": 3, ""label"": ""greenhouse"", ""confidence"": 0.0216}, {""rank"": 4, ""label"": ""steel arch bridge"", ""confidence"": 0.0066}, {""rank"": 5, ""label"": ""chainlink fence"", ""confidence"": 0.0058}]",False
Places365_val_00001916.jpg,/Users/aidahamzic/PycharmProjects/PythonProject1/val_256/Places365_val_00001916.jpg,mountain,glacier,worm fence,0.2033,"[{""rank"": 1, ""label"": ""worm fence"", ""confidence"": 0.2033}, {""rank"": 2, ""label"": ""dam"", ""confidence"": 0.1486}, {""rank"": 3, ""label"": ""patio"", ""confidence"": 0.1039}, {""rank"": 4, ""label"": ""planetarium"", ""confidence"": 0.0643}, {""rank"": 5, ""label"": ""pier"", ""confidence"": 0.0328}]",False
Places365_val_00006321.jpg,/Users/aidahamzic/PycharmProjects/PythonProject1/val_256/Places365_val_00006321.jpg,mountain,glacier,lakeside,0.6857,"[{""rank"": 1, ""label"": ""lakeside"", ""confidence"": 0.6857}, {""rank"": 2, ""label"": ""sandbar"", ""confidence"": 0.0695}, {""rank"": 3, ""label"": ""canoe"", ""confidence"": 0.0685}, {""rank"": 4, ""label"": ""paddle"", ""confidence"": 0.0326}, {""rank"": 5, ""label"": ""promontory"", ""confidence"": 0.0243}]",False
Places365_val_00007187.jpg,/Users/aidahamzic/PycharmProjects/PythonProject1/val_256/Places365_val_00007187.jpg,mountain,glacier,lakeside,0.3092,"[{""rank"": 1, ""label"": ""lakeside"", ""confidence"": 0.3092}, {""rank"": 2, ""label"": ""canoe"", ""confidence"": 0.1617}, {""rank"": 3, ""label"": ""paddle"", ""confidence"": 0.0725}, {""rank"": 4, ""label"": ""gar"", ""confidence"": 0.0683}, {""rank"": 5, ""label"": ""sturgeon"", ""confidence"": 0.062}]",False
Places365_val_00009401.jpg,/Users/aidahamzic/PycharmProjects/PythonProject1/val_256/Places365_val_00009401.jpg,mountain,glacier,worm fence,0.1619,"[{""rank"": 1, ""label"": ""worm fence"", ""confidence"": 0.1619}, {""rank"": 2, ""label"": ""boathouse"", ""confidence"": 0.1244}, {""rank"": 3, ""label"": ""dam"", ""confidence"": 0.1135}, {""rank"": 4, ""label"": ""suspension bridge"", ""confidence"": 0.0438}, {""rank"": 5, ""label"": ""viaduct"", ""confidence"": 0.0426}]",False
Places365_val_00009847.jpg,/Users/aidahamzic/PycharmProjects/PythonProject1/val_256/Places365_val_00009847.jpg,glacier,glacier,maze,0.5765,"[{""rank"": 1, ""label"": ""maze"", ""confidence"": 0.5765}, {""rank"": 2, ""label"": ""park bench"", ""confidence"": 0.0945}, {""rank"": 3, ""label"": ""sundial"", ""confidence"": 0.0752}, {""rank"": 4, ""label"": ""canoe"", ""confidence"": 0.0667}, {""rank"": 5, ""label"": ""worm fence"", ""confidence"": 0.0504}]",False
Places365_val_00010545.jpg,/Users/aidahamzic/PycharmProjects/PythonProject1/val_256/Places365_val_00010545.jpg,mountain,glacier,monastery,0.5743,"[{""rank"": 1, ""label"": ""monastery"", ""confidence"": 0.5743}, {""rank"": 2, ""label"": ""church"", ""confidence"": 0.3698}, {""rank"": 3, ""label"": ""bell cote"", ""confidence"": 0.0216}, {""rank"": 4, ""label"": ""vault"", ""confidence"": 0.0061}, {""rank"": 5, ""label"": ""castle"", ""confidence"": 0.0058}]",False
Places365_val_00010905.jpg,/Users/aidahamzic/PycharmProjects/PythonProject1/val_256/Places365_val_00010905.jpg,mountain,glacier,speedboat,0.2993,"[{""rank"": 1, ""label"": ""speedboat"", ""confidence"": 0.2993}, {""rank"": 2, ""label"": ""dam"", ""confidence"": 0.2588}, {""rank"": 3, ""label"": ""geyser"", ""confidence"": 0.1291}, {""rank"": 4, ""label"": ""amphibian"", ""confidence"": 0.1123}, {""rank"": 5, ""label"": ""snowplow"", ""confidence"": 0.0617}]",False
Places365_val_00013692.jpg,/Users/aidahamzic/PycharmProjects/PythonProject1/val_256/Places365_val_00013692.jpg,glacier,glacier,snowmobile,0.2752,"[{""rank"": 1, ""label"": ""snowmobile"", ""confidence"": 0.2752}, {""rank"": 2, ""label"": ""minibus"", ""confidence"": 0.1182}, {""rank"": 3, ""label"": ""minivan"", ""confidence"": 0.1008}, {""rank"": 4, ""label"": ""moving van"", ""confidence"": 0.0765}, {""rank"": 5, ""label"": ""recreational vehicle"", ""confidence"": 0.0666}]",False
Places365_val_00015710.jpg,/Users/aidahamzic/PycharmProjects/PythonProject1/val_256/Places365_val_00015710.jpg,mountain,glacier,sandbar,0.8866,"[{""rank"": 1, ""label"": ""sandbar"", ""confidence"": 0.8866}, {""rank"": 2, ""label"": ""seashore"", ""confidence"": 0.0854}, {""rank"": 3, ""label"": ""lakeside"", ""confidence"": 0.0137}, {""rank"": 4, ""label"": ""promontory"", ""confidence"": 0.0062}, {""rank"": 5, ""label"": ""speedboat"", ""confidence"": 0.0017}]",False
Places365_val_00016581.jpg,/Users/aidahamzic/PycharmProjects/PythonProject1/val_256/Places365_val_00016581.jpg,glacier,glacier,stingray,0.1585,"[{""rank"": 1, ""label"": ""stingray"", ""confidence"": 0.1585}, {""rank"": 2, ""label"": ""hippopotamus"", ""confidence"": 0.1056}, {""rank"": 3, ""label"": ""sandbar"", ""confidence"": 0.086}, {""rank"": 4, ""label"": ""gar"", ""confidence"": 0.0769}, {""rank"": 5, ""label"": ""electric ray"", ""confidence"": 0.0712}]",False
Places365_val_00017458.jpg,/Users/aidahamzic/PycharmProjects/PythonProject1/val_256/Places365_val_00017458.jpg,glacier,glacier,lakeside,0.1203,"[{""rank"": 1, ""label"": ""lakeside"", ""confidence"": 0.1203}, {""rank"": 2, ""label"": ""catamaran"", ""confidence"": 0.1129}, {""rank"": 3, ""label"": ""amphibian"", ""confidence"": 0.1105}, {""rank"": 4, ""label"": ""speedboat"", ""confidence"": 0.0957}, {""rank"": 5, ""label"": ""canoe"", ""confidence"": 0.0638}]",False
Places365_val_00019160.jpg,/Users/aidahamzic/PycharmProjects/PythonProject1/val_256/Places365_val_00019160.jpg,glacier,glacier,paddle,0.497,"[{""rank"": 1, ""label"": ""paddle"", ""confidence"": 0.497}, {""rank"": 2, ""label"": ""canoe"", ""confidence"": 0.4505}, {""rank"": 3, ""label"": ""yawl"", ""confidence"": 0.0476}, {""rank"": 4, ""label"": ""killer whale"", ""confidence"": 0.001}, {""rank"": 5, ""label"": ""trimaran"", ""confidence"": 0.0008}]",False
Places365_val_00021383.jpg,/Users/aidahamzic/PycharmProjects/PythonProject1/val_256/Places365_val_00021383.jpg,glacier,glacier,king penguin,0.6456,"[{""rank"": 1, ""label"": ""king penguin"", ""confidence"": 0.6456}, {""rank"": 2, ""label"": ""killer whale"", ""confidence"": 0.0822}, {""rank"": 3, ""label"": ""bighorn"", ""confidence"": 0.0572}, {""rank"": 4, ""label"": ""African hunting dog"", ""confidence"": 0.031}, {""rank"": 5, ""label"": ""ibex"", ""confidence"": 0.0217}]",False
Places365_val_00024688.jpg,/Users/aidahamzic/PycharmProjects/PythonProject1/val_256/Places365_val_00024688.jpg,mountain,glacier,spider web,0.2457,"[{""rank"": 1, ""label"": ""spider web"", ""confidence"": 0.2457}, {""rank"": 2, ""label"": ""airship"", ""confidence"": 0.1161}, {""rank"": 3, ""label"": ""solar dish"", ""confidence"": 0.1088}, {""rank"": 4, ""label"": ""worm fence"", ""confidence"": 0.0566}, {""rank"": 5, ""label"": ""barn spider"", ""confidence"": 0.0237}]",False
Places365_val_00025861.jpg,/Users/aidahamzic/PycharmProjects/PythonProject1/val_256/Places365_val_00025861.jpg,mountain,glacier,ibex,0.1862,"[{""rank"": 1, ""label"": ""ibex"", ""confidence"": 0.1862}, {""rank"": 2, ""label"": ""bighorn"", ""confidence"": 0.1707}, {""rank"": 3, ""label"": ""zebra"", ""confidence"": 0.1169}, {""rank"": 4, ""label"": ""mountain bike"", ""confidence"": 0.1046}, {""rank"": 5, ""label"": ""warthog"", ""confidence"": 0.0632}]",False
Places365_val_00029137.jpg,/Users/aidahamzic/PycharmProjects/PythonProject1/val_256/Places365_val_00029137.jpg,glacier,glacier,lakeside,0.594,"[{""rank"": 1, ""label"": ""lakeside"", ""confidence"": 0.594}, {""rank"": 2, ""label"": ""sandbar"", ""confidence"": 0.0393}, {""rank"": 3, ""label"": ""boathouse"", ""confidence"": 0.0345}, {""rank"": 4, ""label"": ""seashore"", ""confidence"": 0.0319}, {""rank"": 5, ""label"": ""American coot"", ""confidence"": 0.0271}]",False
Places365_val_00031808.jpg,/Users/aidahamzic/PycharmProjects/PythonProject1/val_256/Places365_val_00031808.jpg,glacier,glacier,leatherback turtle,0.2871,"[{""rank"": 1, ""label"": ""leatherback turtle"", ""confidence"": 0.2871}, {""rank"": 2, ""label"": ""sea lion"", ""confidence"": 0.2467}, {""rank"": 3, ""label"": ""seashore"", ""confidence"": 0.0701}, {""rank"": 4, ""label"": ""otter"", ""confidence"": 0.0573}, {""rank"": 5, ""label"": ""killer whale"", ""confidence"": 0.0513}]",False
Places365_val_00033178.jpg,/Users/aidahamzic/PycharmProjects/PythonProject1/val_256/Places365_val_00033178.jpg,mountain,glacier,moving van,0.442,"[{""rank"": 1, ""label"": ""moving van"", ""confidence"": 0.442}, {""rank"": 2, ""label"": ""trailer truck"", ""confidence"": 0.2864}, {""rank"": 3, ""label"": ""recreational vehicle"", ""confidence"": 0.0948}, {""rank"": 4, ""label"": ""minibus"", ""confidence"": 0.0852}, {""rank"": 5, ""label"": ""passenger car"", ""confidence"": 0.0149}]",False
Places365_val_00034029.jpg,/Users/aidahamzic/PycharmProjects/PythonProject1/val_256/Places365_val_00034029.jpg,mountain,glacier,cliff dwelling,0.8515,"[{""rank"": 1, ""label"": ""cliff dwelling"", ""confidence"": 0.8515}, {""rank"": 2, ""label"": ""triceratops"", ""confidence"": 0.0204}, {""rank"": 3, ""label"": ""tank"", ""confidence"": 0.0104}, {""rank"": 4, ""label"": ""vault"", ""confidence"": 0.0102}, {""rank"": 5, ""label"": ""Gila monster"", ""confidence"": 0.0102}]",False
Places365_val_00034734.jpg,/Users/aidahamzic/PycharmProjects/PythonProject1/val_256/Places365_val_00034734.jpg,glacier,glacier,grey whale,0.2746,"[{""rank"": 1, ""label"": ""grey whale"", ""confidence"": 0.2746}, {""rank"": 2, ""label"": ""sturgeon"", ""confidence"": 0.1199}, {""rank"": 3, ""label"": ""American alligator"", ""confidence"": 0.0688}, {""rank"": 4, ""label"": ""leatherback turtle"", ""confidence"": 0.0415}, {""rank"": 5, ""label"": ""great white shark"", ""confidence"": 0.0299}]",False
Places365_val_00000046.jpg,/Users/aidahamzic/PycharmProjects/PythonProject1/val_256/Places365_val_00000046.jpg,street,street,parachute,0.3629,"[{""rank"": 1, ""label"": ""parachute"", ""confidence"": 0.3629}, {""rank"": 2, ""label"": ""balloon"", ""confidence"": 0.184}, {""rank"": 3, ""label"": ""unicycle"", ""confidence"": 0.0798}, {""rank"": 4, ""label"": ""bubble"", ""confidence"": 0.0335}, {""rank"": 5, ""label"": ""flagpole"", ""confidence"": 0.0312}]",False
Places365_val_00000150.jpg,/Users/aidahamzic/PycharmProjects/PythonProject1/val_256/Places365_val_00000150.jpg,street,street,street sign,0.1901,"[{""rank"": 1, ""label"": ""street sign"", ""confidence"": 0.1901}, {""rank"": 2, ""label"": ""grocery store"", ""confidence"": 0.1322}, {""rank"": 3, ""label"": ""tobacco shop"", ""confidence"": 0.0984}, {""rank"": 4, ""label"": ""bookshop"", ""confidence"": 0.0709}, {""rank"": 5, ""label"": ""restaurant"", ""confidence"": 0.0563}]",False
Places365_val_00000464.jpg,/Users/aidahamzic/PycharmProjects/PythonProject1/val_256/Places365_val_00000464.jpg,street,street,lakeside,0.0651,"[{""rank"": 1, ""label"": ""lakeside"", ""confidence"": 0.0651}, {""rank"": 2, ""label"": ""mobile home"", ""confidence"": 0.0412}, {""rank"": 3, ""label"": ""parking meter"", ""confidence"": 0.04}, {""rank"": 4, ""label"": ""golfcart"", ""confidence"": 0.0322}, {""rank"": 5, ""label"": ""traffic light"", ""confidence"": 0.0287}]",False
Places365_val_00001160.jpg,/Users/aidahamzic/PycharmProjects/PythonProject1/val_256/Places365_val_00001160.jpg,street,street,prison,0.606,"[{""rank"": 1, ""label"": ""prison"", ""confidence"": 0.606}, {""rank"": 2, ""label"": ""palace"", ""confidence"": 0.1005}, {""rank"": 3, ""label"": ""obelisk"", ""confidence"": 0.0466}, {""rank"": 4, ""label"": ""castle"", ""confidence"": 0.0288}, {""rank"": 5, ""label"": ""dome"", ""confidence"": 0.0232}]",False
Places365_val_00001259.jpg,/Users/aidahamzic/PycharmProjects/PythonProject1/val_256/Places365_val_00001259.jpg,street,street,maze,0.0715,"[{""rank"": 1, ""label"": ""maze"", ""confidence"": 0.0715}, {""rank"": 2, ""label"": ""Leonberg"", ""confidence"": 0.0709}, {""rank"": 3, ""label"": ""Saint Bernard"", ""confidence"": 0.0624}, {""rank"": 4, ""label"": ""pretzel"", ""confidence"": 0.031}, {""rank"": 5, ""label"": ""chow"", ""confidence"": 0.0296}]",False
Places365_val_00001348.jpg,/Users/aidahamzic/PycharmProjects/PythonProject1/val_256/Places365_val_00001348.jpg,street,street,swing,0.2706,"[{""rank"": 1, ""label"": ""swing"", ""confidence"": 0.2706}, {""rank"": 2, ""label"": ""pole"", ""confidence"": 0.0688}, {""rank"": 3, ""label"": ""traffic light"", ""confidence"": 0.0538}, {""rank"": 4, ""label"": ""parking meter"", ""confidence"": 0.0511}, {""rank"": 5, ""label"": ""water tower"", ""confidence"": 0.0491}]",False
Places365_val_00002183.jpg,/Users/aidahamzic/PycharmProjects/PythonProject1/val_256/Places365_val_00002183.jpg,street,street,lakeside,0.2507,"[{""rank"": 1, ""label"": ""lakeside"", ""confidence"": 0.2507}, {""rank"": 2, ""label"": ""patio"", ""confidence"": 0.0984}, {""rank"": 3, ""label"": ""dock"", ""confidence"": 0.0726}, {""rank"": 4, ""label"": ""boathouse"", ""confidence"": 0.0478}, {""rank"": 5, ""label"": ""bannister"", ""confidence"": 0.0355}]",False
Places365_val_00004174.jpg,/Users/aidahamzic/PycharmProjects/PythonProject1/val_256/Places365_val_00004174.jpg,street,street,solar dish,0.0931,"[{""rank"": 1, ""label"": ""solar dish"", ""confidence"": 0.0931}, {""rank"": 2, ""label"": ""alp"", ""confidence"": 0.0525}, {""rank"": 3, ""label"": ""hoopskirt"", ""confidence"": 0.0522}, {""rank"": 4, ""label"": ""bullet train"", ""confidence"": 0.0332}, {""rank"": 5, ""label"": ""stupa"", ""confidence"": 0.0301}]",False
Places365_val_00004605.jpg,/Users/aidahamzic/PycharmProjects/PythonProject1/val_256/Places365_val_00004605.jpg,street,street,library,0.2469,"[{""rank"": 1, ""label"": ""library"", ""confidence"": 0.2469}, {""rank"": 2, ""label"": ""prison"", ""confidence"": 0.2087}, {""rank"": 3, ""label"": ""palace"", ""confidence"": 0.1609}, {""rank"": 4, ""label"": ""cinema"", ""confidence"": 0.0824}, {""rank"": 5, ""label"": ""monastery"", ""confidence"": 0.0446}]",False
Places365_val_00005467.jpg,/Users/aidahamzic/PycharmProjects/PythonProject1/val_256/Places365_val_00005467.jpg,street,street,shopping cart,0.0847,"[{""rank"": 1, ""label"": ""shopping cart"", ""confidence"": 0.0847}, {""rank"": 2, ""label"": ""tricycle"", ""confidence"": 0.0595}, {""rank"": 3, ""label"": ""crutch"", ""confidence"": 0.0493}, {""rank"": 4, ""label"": ""ashcan"", ""confidence"": 0.0427}, {""rank"": 5, ""label"": ""umbrella"", ""confidence"": 0.0398}]",False
Places365_val_00005573.jpg,/Users/aidahamzic/PycharmProjects/PythonProject1/val_256/Places365_val_00005573.jpg,street,street,bell cote,0.2505,"[{""rank"": 1, ""label"": ""bell cote"", ""confidence"": 0.2505}, {""rank"": 2, ""label"": ""triumphal arch"", ""confidence"": 0.2083}, {""rank"": 3, ""label"": ""pedestal"", ""confidence"": 0.1487}, {""rank"": 4, ""label"": ""obelisk"", ""confidence"": 0.034}, {""rank"": 5, ""label"": ""monastery"", ""confidence"": 0.0288}]",False
Places365_val_00005993.jpg,/Users/aidahamzic/PycharmProjects/PythonProject1/val_256/Places365_val_00005993.jpg,street,street,park bench,0.379,"[{""rank"": 1, ""label"": ""park bench"", ""confidence"": 0.379}, {""rank"": 2, ""label"": ""maillot tank suit"", ""confidence"": 0.063}, {""rank"": 3, ""label"": ""rain barrel"", ""confidence"": 0.056}, {""rank"": 4, ""label"": ""stretcher"", ""confidence"": 0.0512}, {""rank"": 5, ""label"": ""folding chair"", ""confidence"": 0.0276}]",False
Places365_val_00006082.jpg,/Users/aidahamzic/PycharmProjects/PythonProject1/val_256/Places365_val_00006082.jpg,street,street,bow,0.2419,"[{""rank"": 1, ""label"": ""bow"", ""confidence"": 0.2419}, {""rank"": 2, ""label"": ""ski"", ""confidence"": 0.0804}, {""rank"": 3, ""label"": ""broom"", ""confidence"": 0.0643}, {""rank"": 4, ""label"": ""swing"", ""confidence"": 0.062}, {""rank"": 5, ""label"": ""crutch"", ""confidence"": 0.0469}]",False
Places365_val_00007938.jpg,/Users/aidahamzic/PycharmProjects/PythonProject1/val_256/Places365_val_00007938.jpg,street,street,Model T,0.3306,"[{""rank"": 1, ""label"": ""Model T"", ""confidence"": 0.3306}, {""rank"": 2, ""label"": ""motor scooter"", ""confidence"": 0.2807}, {""rank"": 3, ""label"": ""grille"", ""confidence"": 0.0523}, {""rank"": 4, ""label"": ""pickup"", ""confidence"": 0.0434}, {""rank"": 5, ""label"": ""convertible"", ""confidence"": 0.0393}]",False
Places365_val_00009130.jpg,/Users/aidahamzic/PycharmProjects/PythonProject1/val_256/Places365_val_00009130.jpg,street,street,pickelhaube,0.2475,"[{""rank"": 1, ""label"": ""pickelhaube"", ""confidence"": 0.2475}, {""rank"": 2, ""label"": ""military uniform"", ""confidence"": 0.2275}, {""rank"": 3, ""label"": ""crutch"", ""confidence"": 0.2161}, {""rank"": 4, ""label"": ""umbrella"", ""confidence"": 0.0476}, {""rank"": 5, ""label"": ""fur coat"", ""confidence"": 0.0363}]",False
Places365_val_00009306.jpg,/Users/aidahamzic/PycharmProjects/PythonProject1/val_256/Places365_val_00009306.jpg,street,street,monastery,0.2352,"[{""rank"": 1, ""label"": ""monastery"", ""confidence"": 0.2352}, {""rank"": 2, ""label"": ""prison"", ""confidence"": 0.1834}, {""rank"": 3, ""label"": ""palace"", ""confidence"": 0.1122}, {""rank"": 4, ""label"": ""vault"", ""confidence"": 0.0944}, {""rank"": 5, ""label"": ""church"", ""confidence"": 0.0896}]",False
Places365_val_00009485.jpg,/Users/aidahamzic/PycharmProjects/PythonProject1/val_256/Places365_val_00009485.jpg,street,street,triceratops,0.77,"[{""rank"": 1, ""label"": ""triceratops"", ""confidence"": 0.77}, {""rank"": 2, ""label"": ""knot"", ""confidence"": 0.0667}, {""rank"": 3, ""label"": ""macaw"", ""confidence"": 0.0218}, {""rank"": 4, ""label"": ""agama"", ""confidence"": 0.0184}, {""rank"": 5, ""label"": ""African grey"", ""confidence"": 0.0136}]",False
Places365_val_00011376.jpg,/Users/aidahamzic/PycharmProjects/PythonProject1/val_256/Places365_val_00011376.jpg,street,street,oxcart,0.6107,"[{""rank"": 1, ""label"": ""oxcart"", ""confidence"": 0.6107}, {""rank"": 2, ""label"": ""ox"", ""confidence"": 0.1231}, {""rank"": 3, ""label"": ""Arabian camel"", ""confidence"": 0.044}, {""rank"": 4, ""label"": ""horse cart"", ""confidence"": 0.0406}, {""rank"": 5, ""label"": ""Indian elephant"", ""confidence"": 0.0185}]",False
Places365_val_00013190.jpg,/Users/aidahamzic/PycharmProjects/PythonProject1/val_256/Places365_val_00013190.jpg,street,street,military uniform,0.2489,"[{""rank"": 1, ""label"": ""military uniform"", ""confidence"": 0.2489}, {""rank"": 2, ""label"": ""bulletproof vest"", ""confidence"": 0.0848}, {""rank"": 3, ""label"": ""stretcher"", ""confidence"": 0.0625}, {""rank"": 4, ""label"": ""knee pad"", ""confidence"": 0.0605}, {""rank"": 5, ""label"": ""unicycle"", ""confidence"": 0.0325}]",False
Places365_val_00014083.jpg,/Users/aidahamzic/PycharmProjects/PythonProject1/val_256/Places365_val_00014083.jpg,street,street,lakeside,0.1505,"[{""rank"": 1, ""label"": ""lakeside"", ""confidence"": 0.1505}, {""rank"": 2, ""label"": ""cliff"", ""confidence"": 0.1071}, {""rank"": 3, ""label"": ""seashore"", ""confidence"": 0.1015}, {""rank"": 4, ""label"": ""promontory"", ""confidence"": 0.0608}, {""rank"": 5, ""label"": ""monastery"", ""confidence"": 0.0498}]",False
Places365_val_00014692.jpg,/Users/aidahamzic/PycharmProjects/PythonProject1/val_256/Places365_val_00014692.jpg,street,street,cowboy boot,0.4393,"[{""rank"": 1, ""label"": ""cowboy boot"", ""confidence"": 0.4393}, {""rank"": 2, ""label"": ""sarong"", ""confidence"": 0.1428}, {""rank"": 3, ""label"": ""jean"", ""confidence"": 0.0851}, {""rank"": 4, ""label"": ""potter's wheel"", ""confidence"": 0.0472}, {""rank"": 5, ""label"": ""gown"", ""confidence"": 0.0429}]",False
Places365_val_00015349.jpg,/Users/aidahamzic/PycharmProjects/PythonProject1/val_256/Places365_val_00015349.jpg,street,street,rugby ball,0.312,"[{""rank"": 1, ""label"": ""rugby ball"", ""confidence"": 0.312}, {""rank"": 2, ""label"": ""swing"", ""confidence"": 0.114}, {""rank"": 3, ""label"": ""soccer ball"", ""confidence"": 0.0798}, {""rank"": 4, ""label"": ""miniskirt"", ""confidence"": 0.0428}, {""rank"": 5, ""label"": ""unicycle"", ""confidence"": 0.0378}]",False
Places365_val_00015492.jpg,/Users/aidahamzic/PycharmProjects/PythonProject1/val_256/Places365_val_00015492.jpg,street,street,jean,0.3013,"[{""rank"": 1, ""label"": ""jean"", ""confidence"": 0.3013}, {""rank"": 2, ""label"": ""miniskirt"", ""confidence"": 0.1911}, {""rank"": 3, ""label"": ""suit"", ""confidence"": 0.0566}, {""rank"": 4, ""label"": ""Loafer"", ""confidence"": 0.0415}, {""rank"": 5, ""label"": ""sunglass"", ""confidence"": 0.0371}]",False
Places365_val_00016045.jpg,/Users/aidahamzic/PycharmProjects/PythonProject1/val_256/Places365_val_00016045.jpg,street,street,balloon,0.8572,"[{""rank"": 1, ""label"": ""balloon"", ""confidence"": 0.8572}, {""rank"": 2, ""label"": ""airship"", ""confidence"": 0.0997}, {""rank"": 3, ""label"": ""parachute"", ""confidence"": 0.0076}, {""rank"": 4, ""label"": ""airliner"", ""confidence"": 0.0055}, {""rank"": 5, ""label"": ""volleyball"", ""confidence"": 0.0047}]",False
Places365_val_00016101.jpg,/Users/aidahamzic/PycharmProjects/PythonProject1/val_256/Places365_val_00016101.jpg,street,street,banjo,0.3585,"[{""rank"": 1, ""label"": ""banjo"", ""confidence"": 0.3585}, {""rank"": 2, ""label"": ""drum"", ""confidence"": 0.096}, {""rank"": 3, ""label"": ""acoustic guitar"", ""confidence"": 0.059}, {""rank"": 4, ""label"": ""drumstick"", ""confidence"": 0.0571}, {""rank"": 5, ""label"": ""sombrero"", ""confidence"": 0.0412}]",False
Places365_val_00016602.jpg,/Users/aidahamzic/PycharmProjects/PythonProject1/val_256/Places365_val_00016602.jpg,street,street,sports car,0.8615,"[{""rank"": 1, ""label"": ""sports car"", ""confidence"": 0.8615}, {""rank"": 2, ""label"": ""racer"", ""confidence"": 0.1124}, {""rank"": 3, ""label"": ""car wheel"", ""confidence"": 0.0069}, {""rank"": 4, ""label"": ""convertible"", ""confidence"": 0.003}, {""rank"": 5, ""label"": ""pickup"", ""confidence"": 0.0022}]",False
Places365_val_00018952.jpg,/Users/aidahamzic/PycharmProjects/PythonProject1/val_256/Places365_val_00018952.jpg,street,street,tow truck,0.2029,"[{""rank"": 1, ""label"": ""tow truck"", ""confidence"": 0.2029}, {""rank"": 2, ""label"": ""mobile home"", ""confidence"": 0.0685}, {""rank"": 3, ""label"": ""pickup"", ""confidence"": 0.0466}, {""rank"": 4, ""label"": ""pedestal"", ""confidence"": 0.0426}, {""rank"": 5, ""label"": ""sea lion"", ""confidence"": 0.0403}]",False
Places365_val_00019133.jpg,/Users/aidahamzic/PycharmProjects/PythonProject1/val_256/Places365_val_00019133.jpg,street,street,miniskirt,0.3427,"[{""rank"": 1, ""label"": ""miniskirt"", ""confidence"": 0.3427}, {""rank"": 2, ""label"": ""barbell"", ""confidence"": 0.1132}, {""rank"": 3, ""label"": ""torch"", ""confidence"": 0.0486}, {""rank"": 4, ""label"": ""unicycle"", ""confidence"": 0.032}, {""rank"": 5, ""label"": ""dumbbell"", ""confidence"": 0.0293}]",False
Places365_val_00020220.jpg,/Users/aidahamzic/PycharmProjects/PythonProject1/val_256/Places365_val_00020220.jpg,street,street,academic gown,0.3001,"[{""rank"": 1, ""label"": ""academic gown"", ""confidence"": 0.3001}, {""rank"": 2, ""label"": ""bearskin"", ""confidence"": 0.1833}, {""rank"": 3, ""label"": ""palace"", ""confidence"": 0.0941}, {""rank"": 4, ""label"": ""mortarboard"", ""confidence"": 0.0472}, {""rank"": 5, ""label"": ""fur coat"", ""confidence"": 0.0267}]",False
Places365_val_00021404.jpg,/Users/aidahamzic/PycharmProjects/PythonProject1/val_256/Places365_val_00021404.jpg,street,street,neck brace,0.0953,"[{""rank"": 1, ""label"": ""neck brace"", ""confidence"": 0.0953}, {""rank"": 2, ""label"": ""crutch"", ""confidence"": 0.0638}, {""rank"": 3, ""label"": ""shower cap"", ""confidence"": 0.0423}, {""rank"": 4, ""label"": ""fur coat"", ""confidence"": 0.0247}, {""rank"": 5, ""label"": ""sombrero"", ""confidence"": 0.0238}]",False
Places365_val_00023317.jpg,/Users/aidahamzic/PycharmProjects/PythonProject1/val_256/Places365_val_00023317.jpg,street,street,crutch,0.4095,"[{""rank"": 1, ""label"": ""crutch"", ""confidence"": 0.4095}, {""rank"": 2, ""label"": ""broom"", ""confidence"": 0.0956}, {""rank"": 3, ""label"": ""umbrella"", ""confidence"": 0.0937}, {""rank"": 4, ""label"": ""bubble"", ""confidence"": 0.0677}, {""rank"": 5, ""label"": ""bearskin"", ""confidence"": 0.0218}]",False
Places365_val_00023674.jpg,/Users/aidahamzic/PycharmProjects/PythonProject1/val_256/Places365_val_00023674.jpg,street,street,airship,0.7647,"[{""rank"": 1, ""label"": ""airship"", ""confidence"": 0.7647}, {""rank"": 2, ""label"": ""library"", ""confidence"": 0.0476}, {""rank"": 3, ""label"": ""crane"", ""confidence"": 0.0258}, {""rank"": 4, ""label"": ""pier"", ""confidence"": 0.0207}, {""rank"": 5, ""label"": ""cinema"", ""confidence"": 0.0181}]",False
Places365_val_00025280.jpg,/Users/aidahamzic/PycharmProjects/PythonProject1/val_256/Places365_val_00025280.jpg,street,street,butcher shop,0.2362,"[{""rank"": 1, ""label"": ""butcher shop"", ""confidence"": 0.2362}, {""rank"": 2, ""label"": ""grocery store"", ""confidence"": 0.1335}, {""rank"": 3, ""label"": ""lumbermill"", ""confidence"": 0.0592}, {""rank"": 4, ""label"": ""tobacco shop"", ""confidence"": 0.0567}, {""rank"": 5, ""label"": ""bookshop"", ""confidence"": 0.0371}]",False
Places365_val_00025635.jpg,/Users/aidahamzic/PycharmProjects/PythonProject1/val_256/Places365_val_00025635.jpg,street,street,prison,0.0993,"[{""rank"": 1, ""label"": ""prison"", ""confidence"": 0.0993}, {""rank"": 2, ""label"": ""academic gown"", ""confidence"": 0.086}, {""rank"": 3, ""label"": ""unicycle"", ""confidence"": 0.0388}, {""rank"": 4, ""label"": ""military uniform"", ""confidence"": 0.0357}, {""rank"": 5, ""label"": ""maypole"", ""confidence"": 0.0355}]",False
Places365_val_00026624.jpg,/Users/aidahamzic/PycharmProjects/PythonProject1/val_256/Places365_val_00026624.jpg,street,street,valley,0.0867,"[{""rank"": 1, ""label"": ""valley"", ""confidence"": 0.0867}, {""rank"": 2, ""label"": ""dam"", ""confidence"": 0.0849}, {""rank"": 3, ""label"": ""breakwater"", ""confidence"": 0.0626}, {""rank"": 4, ""label"": ""patio"", ""confidence"": 0.0548}, {""rank"": 5, ""label"": ""seashore"", ""confidence"": 0.0364}]",False
Places365_val_00030679.jpg,/Users/aidahamzic/PycharmProjects/PythonProject1/val_256/Places365_val_00030679.jpg,street,street,fire engine,0.5596,"[{""rank"": 1, ""label"": ""fire engine"", ""confidence"": 0.5596}, {""rank"": 2, ""label"": ""trailer truck"", ""confidence"": 0.1601}, {""rank"": 3, ""label"": ""tow truck"", ""confidence"": 0.0697}, {""rank"": 4, ""label"": ""garbage truck"", ""confidence"": 0.0678}, {""rank"": 5, ""label"": ""snowplow"", ""confidence"": 0.02}]",False
Places365_val_00031438.jpg,/Users/aidahamzic/PycharmProjects/PythonProject1/val_256/Places365_val_00031438.jpg,street,street,planetarium,0.158,"[{""rank"": 1, ""label"": ""planetarium"", ""confidence"": 0.158}, {""rank"": 2, ""label"": ""sombrero"", ""confidence"": 0.1176}, {""rank"": 3, ""label"": ""cinema"", ""confidence"": 0.0912}, {""rank"": 4, ""label"": ""restaurant"", ""confidence"": 0.0741}, {""rank"": 5, ""label"": ""umbrella"", ""confidence"": 0.0307}]",False
Places365_val_00032457.jpg,/Users/aidahamzic/PycharmProjects/PythonProject1/val_256/Places365_val_00032457.jpg,street,street,coho,0.1614,"[{""rank"": 1, ""label"": ""coho"", ""confidence"": 0.1614}, {""rank"": 2, ""label"": ""torch"", ""confidence"": 0.1128}, {""rank"": 3, ""label"": ""sweatshirt"", ""confidence"": 0.1097}, {""rank"": 4, ""label"": ""jean"", ""confidence"": 0.1005}, {""rank"": 5, ""label"": ""prison"", ""confidence"": 0.0383}]",False
Places365_val_00033511.jpg,/Users/aidahamzic/PycharmProjects/PythonProject1/val_256/Places365_val_00033511.jpg,street,street,bicycle-built-for-two,0.2389,"[{""rank"": 1, ""label"": ""bicycle-built-for-two"", ""confidence"": 0.2389}, {""rank"": 2, ""label"": ""gas pump"", ""confidence"": 0.2146}, {""rank"": 3, ""label"": ""mountain bike"", ""confidence"": 0.149}, {""rank"": 4, ""label"": ""moped"", ""confidence"": 0.0833}, {""rank"": 5, ""label"": ""ski"", ""confidence"": 0.0456}]",False
Places365_val_00034828.jpg,/Users/aidahamzic/PycharmProjects/PythonProject1/val_256/Places365_val_00034828.jpg,street,street,park bench,0.3827,"[{""rank"": 1, ""label"": ""park bench"", ""confidence"": 0.3827}, {""rank"": 2, ""label"": ""worm fence"", ""confidence"": 0.0724}, {""rank"": 3, ""label"": ""lakeside"", ""confidence"": 0.0512}, {""rank"": 4, ""label"": ""planetarium"", ""confidence"": 0.0312}, {""rank"": 5, ""label"": ""mobile home"", ""confidence"": 0.0216}]",False
Places365_val_00035213.jpg,/Users/aidahamzic/PycharmProjects/PythonProject1/val_256/Places365_val_00035213.jpg,street,street,palace,0.4674,"[{""rank"": 1, ""label"": ""palace"", ""confidence"": 0.4674}, {""rank"": 2, ""label"": ""castle"", ""confidence"": 0.0905}, {""rank"": 3, ""label"": ""monastery"", ""confidence"": 0.0879}, {""rank"": 4, ""label"": ""cinema"", ""confidence"": 0.0313}, {""rank"": 5, ""label"": ""bell cote"", ""confidence"": 0.0302}]",False
Places365_val_00036392.jpg,/Users/aidahamzic/PycharmProjects/PythonProject1/val_256/Places365_val_00036392.jpg,street,street,stretcher,0.242,"[{""rank"": 1, ""label"": ""stretcher"", ""confidence"": 0.242}, {""rank"": 2, ""label"": ""rugby ball"", ""confidence"": 0.0644}, {""rank"": 3, ""label"": ""knee pad"", ""confidence"": 0.0621}, {""rank"": 4, ""label"": ""torch"", ""confidence"": 0.0526}, {""rank"": 5, ""label"": ""neck brace"", ""confidence"": 0.0428}]",False
Places365_val_00005930.jpg,/Users/aidahamzic/PycharmProjects/PythonProject1/val_256/Places365_val_00005930.jpg,coast,water,convertible,0.4263,"[{""rank"": 1, ""label"": ""convertible"", ""confidence"": 0.4263}, {""rank"": 2, ""label"": ""sports car"", ""confidence"": 0.2276}, {""rank"": 3, ""label"": ""pickup"", ""confidence"": 0.0732}, {""rank"": 4, ""label"": ""beach wagon"", ""confidence"": 0.0579}, {""rank"": 5, ""label"": ""car wheel"", ""confidence"": 0.031}]",False
Places365_val_00007005.jpg,/Users/aidahamzic/PycharmProjects/PythonProject1/val_256/Places365_val_00007005.jpg,coast,water,bluetick,0.097,"[{""rank"": 1, ""label"": ""bluetick"", ""confidence"": 0.097}, {""rank"": 2, ""label"": ""Siberian husky"", ""confidence"": 0.0952}, {""rank"": 3, ""label"": ""kelpie"", ""confidence"": 0.0726}, {""rank"": 4, ""label"": ""Staffordshire bullterrier"", ""confidence"": 0.0631}, {""rank"": 5, ""label"": ""dalmatian"", ""confidence"": 0.0629}]",False
Places365_val_00007278.jpg,/Users/aidahamzic/PycharmProjects/PythonProject1/val_256/Places365_val_00007278.jpg,coast,water,alp,0.6523,"[{""rank"": 1, ""label"": ""alp"", ""confidence"": 0.6523}, {""rank"": 2, ""label"": ""valley"", ""confidence"": 0.256}, {""rank"": 3, ""label"": ""promontory"", ""confidence"": 0.0551}, {""rank"": 4, ""label"": ""mountain tent"", ""confidence"": 0.0131}, {""rank"": 5, ""label"": ""cliff"", ""confidence"": 0.0053}]",False
Places365_val_00011176.jpg,/Users/aidahamzic/PycharmProjects/PythonProject1/val_256/Places365_val_00011176.jpg,coast,water,Arabian camel,0.3446,"[{""rank"": 1, ""label"": ""Arabian camel"", ""confidence"": 0.3446}, {""rank"": 2, ""label"": ""redbone"", ""confidence"": 0.0643}, {""rank"": 3, ""label"": ""plow"", ""confidence"": 0.049}, {""rank"": 4, ""label"": ""ibex"", ""confidence"": 0.0432}, {""rank"": 5, ""label"": ""Doberman"", ""confidence"": 0.0375}]",False
Places365_val_00028899.jpg,/Users/aidahamzic/PycharmProjects/PythonProject1/val_256/Places365_val_00028899.jpg,coast,water,promontory,0.6657,"[{""rank"": 1, ""label"": ""promontory"", ""confidence"": 0.6657}, {""rank"": 2, ""label"": ""cliff"", ""confidence"": 0.1792}, {""rank"": 3, ""label"": ""volcano"", ""confidence"": 0.0508}, {""rank"": 4, ""label"": ""valley"", ""confidence"": 0.0419}, {""rank"": 5, ""label"": ""alp"", ""confidence"": 0.021}]",False
Places365_val_00032178.jpg,/Users/aidahamzic/PycharmProjects/PythonProject1/val_256/Places365_val_00032178.jpg,coast,water,sturgeon,0.694,"[{""rank"": 1, ""label"": ""sturgeon"", ""confidence"": 0.694}, {""rank"": 2, ""label"": ""barracouta"", ""confidence"": 0.0436}, {""rank"": 3, ""label"": ""Indian cobra"", ""confidence"": 0.0229}, {""rank"": 4, ""label"": ""sea lion"", ""confidence"": 0.02}, {""rank"": 5, ""label"": ""reel"", ""confidence"": 0.02}]",False
Places365_val_00035366.jpg,/Users/aidahamzic/PycharmProjects/PythonProject1/val_256/Places365_val_00035366.jpg,coast,water,bell cote,0.1453,"[{""rank"": 1, ""label"": ""bell cote"", ""confidence"": 0.1453}, {""rank"": 2, ""label"": ""mosque"", ""confidence"": 0.1271}, {""rank"": 3, ""label"": ""submarine"", ""confidence"": 0.1121}, {""rank"": 4, ""label"": ""palace"", ""confidence"": 0.0804}, {""rank"": 5, ""label"": ""liner"", ""confidence"": 0.0447}]",False
Places365_val_00035431.jpg,/Users/aidahamzic/PycharmProjects/PythonProject1/val_256/Places365_val_00035431.jpg,coast,water,sea lion,0.8472,"[{""rank"": 1, ""label"": ""sea lion"", ""confidence"": 0.8472}, {""rank"": 2, ""label"": ""ibex"", ""confidence"": 0.0201}, {""rank"": 3, ""label"": ""volcano"", ""confidence"": 0.0172}, {""rank"": 4, ""label"": ""weasel"", ""confidence"": 0.007}, {""rank"": 5, ""label"": ""Rottweiler"", ""confidence"": 0.0066}]",False
Places365_val_00036275.jpg,/Users/aidahamzic/PycharmProjects/PythonProject1/val_256/Places365_val_00036275.jpg,coast,water,West Highland white terrier,0.5957,"[{""rank"": 1, ""label"": ""West Highland white terrier"", ""confidence"": 0.5957}, {""rank"": 2, ""label"": ""kuvasz"", ""confidence"": 0.0352}, {""rank"": 3, ""label"": ""soft-coated wheaten terrier"", ""confidence"": 0.0327}, {""rank"": 4, ""label"": ""Lakeland terrier"", ""confidence"": 0.0297}, {""rank"": 5, ""label"": ""Great Pyrenees"", ""confidence"": 0.027}]",False
