image_name,image_path,true_scene_label,predicted_label,confidence,top5_predictions,semantically_aligned,thesis_class
Places365_val_00000009.jpg,/Users/aidahamzic/PycharmProjects/PythonProject1/val_256/Places365_val_00000009.jpg,forest-broadleaf,lakeside,0.0747,"[{""rank"": 1, ""label"": ""lakeside"", ""confidence"": 0.0747}, {""rank"": 2, ""label"": ""wool"", ""confidence"": 0.0575}, {""rank"": 3, ""label"": ""poncho"", ""confidence"": 0.052}, {""rank"": 4, ""label"": ""valley"", ""confidence"": 0.0339}, {""rank"": 5, ""label"": ""cloak"", ""confidence"": 0.0327}]",True,forest
Places365_val_00000017.jpg,/Users/aidahamzic/PycharmProjects/PythonProject1/val_256/Places365_val_00000017.jpg,glacier,alp,0.8993,"[{""rank"": 1, ""label"": ""alp"", ""confidence"": 0.8993}, {""rank"": 2, ""label"": ""valley"", ""confidence"": 0.0897}, {""rank"": 3, ""label"": ""cliff"", ""confidence"": 0.0051}, {""rank"": 4, ""label"": ""mountain tent"", ""confidence"": 0.0019}, {""rank"": 5, ""label"": ""volcano"", ""confidence"": 0.0012}]",True,glacier
Places365_val_00000025.jpg,/Users/aidahamzic/PycharmProjects/PythonProject1/val_256/Places365_val_00000025.jpg,ocean,promontory,0.7973,"[{""rank"": 1, ""label"": ""promontory"", ""confidence"": 0.7973}, {""rank"": 2, ""label"": ""cliff"", ""confidence"": 0.0974}, {""rank"": 3, ""label"": ""seashore"", ""confidence"": 0.058}, {""rank"": 4, ""label"": ""valley"", ""confidence"": 0.0284}, {""rank"": 5, ""label"": ""lakeside"", ""confidence"": 0.0093}]",True,water
Places365_val_00000026.jpg,/Users/aidahamzic/PycharmProjects/PythonProject1/val_256/Places365_val_00000026.jpg,river,American egret,0.1086,"[{""rank"": 1, ""label"": ""American egret"", ""confidence"": 0.1086}, {""rank"": 2, ""label"": ""spoonbill"", ""confidence"": 0.0807}, {""rank"": 3, ""label"": ""albatross"", ""confidence"": 0.0723}, {""rank"": 4, ""label"": ""seashore"", ""confidence"": 0.0719}, {""rank"": 5, ""label"": ""lakeside"", ""confidence"": 0.0562}]",True,water
Places365_val_00000041.jpg,/Users/aidahamzic/PycharmProjects/PythonProject1/val_256/Places365_val_00000041.jpg,mountain,alp,0.348,"[{""rank"": 1, ""label"": ""alp"", ""confidence"": 0.348}, {""rank"": 2, ""label"": ""mountain tent"", ""confidence"": 0.1757}, {""rank"": 3, ""label"": ""volcano"", ""confidence"": 0.1522}, {""rank"": 4, ""label"": ""valley"", ""confidence"": 0.1399}, {""rank"": 5, ""label"": ""cliff"", ""confidence"": 0.0346}]",True,mountain
Places365_val_00000045.jpg,/Users/aidahamzic/PycharmProjects/PythonProject1/val_256/Places365_val_00000045.jpg,skyscraper,planetarium,0.7158,"[{""rank"": 1, ""label"": ""planetarium"", ""confidence"": 0.7158}, {""rank"": 2, ""label"": ""solar dish"", ""confidence"": 0.161}, {""rank"": 3, ""label"": ""dome"", ""confidence"": 0.1034}, {""rank"": 4, ""label"": ""greenhouse"", ""confidence"": 0.0037}, {""rank"": 5, ""label"": ""prison"", ""confidence"": 0.0022}]",True,building
Places365_val_00000143.jpg,/Users/aidahamzic/PycharmProjects/PythonProject1/val_256/Places365_val_00000143.jpg,house,thatch,0.7498,"[{""rank"": 1, ""label"": ""thatch"", ""confidence"": 0.7498}, {""rank"": 2, ""label"": ""boathouse"", ""confidence"": 0.0217}, {""rank"": 3, ""label"": ""patio"", ""confidence"": 0.0209}, {""rank"": 4, ""label"": ""maypole"", ""confidence"": 0.0197}, {""rank"": 5, ""label"": ""flagpole"", ""confidence"": 0.0094}]",True,building
Places365_val_00000150.jpg,/Users/aidahamzic/PycharmProjects/PythonProject1/val_256/Places365_val_00000150.jpg,street,street sign,0.1697,"[{""rank"": 1, ""label"": ""street sign"", ""confidence"": 0.1697}, {""rank"": 2, ""label"": ""traffic light"", ""confidence"": 0.1058}, {""rank"": 3, ""label"": ""streetcar"", ""confidence"": 0.0909}, {""rank"": 4, ""label"": ""cinema"", ""confidence"": 0.0659}, {""rank"": 5, ""label"": ""turnstile"", ""confidence"": 0.0418}]",True,street
Places365_val_00000214.jpg,/Users/aidahamzic/PycharmProjects/PythonProject1/val_256/Places365_val_00000214.jpg,house,monastery,0.6411,"[{""rank"": 1, ""label"": ""monastery"", ""confidence"": 0.6411}, {""rank"": 2, ""label"": ""tile roof"", ""confidence"": 0.1055}, {""rank"": 3, ""label"": ""church"", ""confidence"": 0.0485}, {""rank"": 4, ""label"": ""mosque"", ""confidence"": 0.0453}, {""rank"": 5, ""label"": ""bell cote"", ""confidence"": 0.0442}]",True,building
Places365_val_00000220.jpg,/Users/aidahamzic/PycharmProjects/PythonProject1/val_256/Places365_val_00000220.jpg,skyscraper,solar dish,0.7973,"[{""rank"": 1, ""label"": ""solar dish"", ""confidence"": 0.7973}, {""rank"": 2, ""label"": ""steel arch bridge"", ""confidence"": 0.0454}, {""rank"": 3, ""label"": ""pier"", ""confidence"": 0.0235}, {""rank"": 4, ""label"": ""notebook"", ""confidence"": 0.0115}, {""rank"": 5, ""label"": ""cinema"", ""confidence"": 0.0086}]",True,building
Places365_val_00000246.jpg,/Users/aidahamzic/PycharmProjects/PythonProject1/val_256/Places365_val_00000246.jpg,alley,prison,0.2217,"[{""rank"": 1, ""label"": ""prison"", ""confidence"": 0.2217}, {""rank"": 2, ""label"": ""streetcar"", ""confidence"": 0.0996}, {""rank"": 3, ""label"": ""boathouse"", ""confidence"": 0.0867}, {""rank"": 4, ""label"": ""passenger car"", ""confidence"": 0.0739}, {""rank"": 5, ""label"": ""electric locomotive"", ""confidence"": 0.0705}]",True,street
Places365_val_00000280.jpg,/Users/aidahamzic/PycharmProjects/PythonProject1/val_256/Places365_val_00000280.jpg,rainforest,valley,0.86,"[{""rank"": 1, ""label"": ""valley"", ""confidence"": 0.86}, {""rank"": 2, ""label"": ""lakeside"", ""confidence"": 0.0307}, {""rank"": 3, ""label"": ""cliff"", ""confidence"": 0.0139}, {""rank"": 4, ""label"": ""worm fence"", ""confidence"": 0.0101}, {""rank"": 5, ""label"": ""boathouse"", ""confidence"": 0.0059}]",True,forest
Places365_val_00000323.jpg,/Users/aidahamzic/PycharmProjects/PythonProject1/val_256/Places365_val_00000323.jpg,street,streetcar,0.5752,"[{""rank"": 1, ""label"": ""streetcar"", ""confidence"": 0.5752}, {""rank"": 2, ""label"": ""trolleybus"", ""confidence"": 0.104}, {""rank"": 3, ""label"": ""police van"", ""confidence"": 0.0508}, {""rank"": 4, ""label"": ""jinrikisha"", ""confidence"": 0.0375}, {""rank"": 5, ""label"": ""limousine"", ""confidence"": 0.0174}]",True,street
Places365_val_00000333.jpg,/Users/aidahamzic/PycharmProjects/PythonProject1/val_256/Places365_val_00000333.jpg,mountain,volcano,0.8209,"[{""rank"": 1, ""label"": ""volcano"", ""confidence"": 0.8209}, {""rank"": 2, ""label"": ""valley"", ""confidence"": 0.0398}, {""rank"": 3, ""label"": ""mountain tent"", ""confidence"": 0.0316}, {""rank"": 4, ""label"": ""sandbar"", ""confidence"": 0.019}, {""rank"": 5, ""label"": ""alp"", ""confidence"": 0.0112}]",True,mountain
Places365_val_00000336.jpg,/Users/aidahamzic/PycharmProjects/PythonProject1/val_256/Places365_val_00000336.jpg,coast,promontory,0.5891,"[{""rank"": 1, ""label"": ""promontory"", ""confidence"": 0.5891}, {""rank"": 2, ""label"": ""cliff"", ""confidence"": 0.327}, {""rank"": 3, ""label"": ""seashore"", ""confidence"": 0.0659}, {""rank"": 4, ""label"": ""valley"", ""confidence"": 0.0069}, {""rank"": 5, ""label"": ""dam"", ""confidence"": 0.0031}]",True,water
Places365_val_00000338.jpg,/Users/aidahamzic/PycharmProjects/PythonProject1/val_256/Places365_val_00000338.jpg,hotel-outdoor,palace,0.4044,"[{""rank"": 1, ""label"": ""palace"", ""confidence"": 0.4044}, {""rank"": 2, ""label"": ""church"", ""confidence"": 0.2096}, {""rank"": 3, ""label"": ""castle"", ""confidence"": 0.1799}, {""rank"": 4, ""label"": ""monastery"", ""confidence"": 0.1029}, {""rank"": 5, ""label"": ""bell cote"", ""confidence"": 0.0496}]",True,building
Places365_val_00000464.jpg,/Users/aidahamzic/PycharmProjects/PythonProject1/val_256/Places365_val_00000464.jpg,street,snowplow,0.0766,"[{""rank"": 1, ""label"": ""snowplow"", ""confidence"": 0.0766}, {""rank"": 2, ""label"": ""tow truck"", ""confidence"": 0.0673}, {""rank"": 3, ""label"": ""limousine"", ""confidence"": 0.0641}, {""rank"": 4, ""label"": ""trolleybus"", ""confidence"": 0.0358}, {""rank"": 5, ""label"": ""streetcar"", ""confidence"": 0.0347}]",True,street
Places365_val_00000601.jpg,/Users/aidahamzic/PycharmProjects/PythonProject1/val_256/Places365_val_00000601.jpg,downtown,obelisk,0.701,"[{""rank"": 1, ""label"": ""obelisk"", ""confidence"": 0.701}, {""rank"": 2, ""label"": ""triumphal arch"", ""confidence"": 0.1902}, {""rank"": 3, ""label"": ""pedestal"", ""confidence"": 0.0239}, {""rank"": 4, ""label"": ""cab"", ""confidence"": 0.0228}, {""rank"": 5, ""label"": ""mosque"", ""confidence"": 0.0147}]",True,building
Places365_val_00000620.jpg,/Users/aidahamzic/PycharmProjects/PythonProject1/val_256/Places365_val_00000620.jpg,rainforest,suspension bridge,0.43,"[{""rank"": 1, ""label"": ""suspension bridge"", ""confidence"": 0.43}, {""rank"": 2, ""label"": ""yawl"", ""confidence"": 0.0471}, {""rank"": 3, ""label"": ""viaduct"", ""confidence"": 0.0428}, {""rank"": 4, ""label"": ""valley"", ""confidence"": 0.0413}, {""rank"": 5, ""label"": ""worm fence"", ""confidence"": 0.0319}]",True,forest
Places365_val_00000622.jpg,/Users/aidahamzic/PycharmProjects/PythonProject1/val_256/Places365_val_00000622.jpg,tower,monastery,0.4071,"[{""rank"": 1, ""label"": ""monastery"", ""confidence"": 0.4071}, {""rank"": 2, ""label"": ""church"", ""confidence"": 0.3945}, {""rank"": 3, ""label"": ""palace"", ""confidence"": 0.0814}, {""rank"": 4, ""label"": ""castle"", ""confidence"": 0.0682}, {""rank"": 5, ""label"": ""bell cote"", ""confidence"": 0.0283}]",True,building
Places365_val_00000628.jpg,/Users/aidahamzic/PycharmProjects/PythonProject1/val_256/Places365_val_00000628.jpg,hotel-outdoor,planetarium,0.1428,"[{""rank"": 1, ""label"": ""planetarium"", ""confidence"": 0.1428}, {""rank"": 2, ""label"": ""obelisk"", ""confidence"": 0.1074}, {""rank"": 3, ""label"": ""sundial"", ""confidence"": 0.0657}, {""rank"": 4, ""label"": ""triumphal arch"", ""confidence"": 0.0643}, {""rank"": 5, ""label"": ""bell cote"", ""confidence"": 0.0613}]",True,building
Places365_val_00000706.jpg,/Users/aidahamzic/PycharmProjects/PythonProject1/val_256/Places365_val_00000706.jpg,coast,pirate,0.3734,"[{""rank"": 1, ""label"": ""pirate"", ""confidence"": 0.3734}, {""rank"": 2, ""label"": ""dock"", ""confidence"": 0.1743}, {""rank"": 3, ""label"": ""wreck"", ""confidence"": 0.1285}, {""rank"": 4, ""label"": ""liner"", ""confidence"": 0.0558}, {""rank"": 5, ""label"": ""schooner"", ""confidence"": 0.048}]",True,water
Places365_val_00000716.jpg,/Users/aidahamzic/PycharmProjects/PythonProject1/val_256/Places365_val_00000716.jpg,glacier,alp,0.5902,"[{""rank"": 1, ""label"": ""alp"", ""confidence"": 0.5902}, {""rank"": 2, ""label"": ""valley"", ""confidence"": 0.3729}, {""rank"": 3, ""label"": ""mountain tent"", ""confidence"": 0.0181}, {""rank"": 4, ""label"": ""lakeside"", ""confidence"": 0.0024}, {""rank"": 5, ""label"": ""marmot"", ""confidence"": 0.0017}]",True,glacier
Places365_val_00000720.jpg,/Users/aidahamzic/PycharmProjects/PythonProject1/val_256/Places365_val_00000720.jpg,river,snorkel,0.3736,"[{""rank"": 1, ""label"": ""snorkel"", ""confidence"": 0.3736}, {""rank"": 2, ""label"": ""bathing cap"", ""confidence"": 0.0691}, {""rank"": 3, ""label"": ""seashore"", ""confidence"": 0.0657}, {""rank"": 4, ""label"": ""goldfish"", ""confidence"": 0.0616}, {""rank"": 5, ""label"": ""coral reef"", ""confidence"": 0.0589}]",True,water
Places365_val_00000740.jpg,/Users/aidahamzic/PycharmProjects/PythonProject1/val_256/Places365_val_00000740.jpg,skyscraper,castle,0.4105,"[{""rank"": 1, ""label"": ""castle"", ""confidence"": 0.4105}, {""rank"": 2, ""label"": ""viaduct"", ""confidence"": 0.0884}, {""rank"": 3, ""label"": ""church"", ""confidence"": 0.0532}, {""rank"": 4, ""label"": ""barn"", ""confidence"": 0.0444}, {""rank"": 5, ""label"": ""monastery"", ""confidence"": 0.0339}]",True,building
Places365_val_00000754.jpg,/Users/aidahamzic/PycharmProjects/PythonProject1/val_256/Places365_val_00000754.jpg,coast,lakeside,0.626,"[{""rank"": 1, ""label"": ""lakeside"", ""confidence"": 0.626}, {""rank"": 2, ""label"": ""valley"", ""confidence"": 0.0636}, {""rank"": 3, ""label"": ""geyser"", ""confidence"": 0.0551}, {""rank"": 4, ""label"": ""dam"", ""confidence"": 0.0457}, {""rank"": 5, ""label"": ""sandbar"", ""confidence"": 0.0376}]",True,water
Places365_val_00000766.jpg,/Users/aidahamzic/PycharmProjects/PythonProject1/val_256/Places365_val_00000766.jpg,ocean,seashore,0.3092,"[{""rank"": 1, ""label"": ""seashore"", ""confidence"": 0.3092}, {""rank"": 2, ""label"": ""promontory"", ""confidence"": 0.2542}, {""rank"": 3, ""label"": ""sandbar"", ""confidence"": 0.0693}, {""rank"": 4, ""label"": ""lakeside"", ""confidence"": 0.044}, {""rank"": 5, ""label"": ""trailer truck"", ""confidence"": 0.0195}]",True,water
Places365_val_00000770.jpg,/Users/aidahamzic/PycharmProjects/PythonProject1/val_256/Places365_val_00000770.jpg,downtown,palace,0.4982,"[{""rank"": 1, ""label"": ""palace"", ""confidence"": 0.4982}, {""rank"": 2, ""label"": ""greenhouse"", ""confidence"": 0.151}, {""rank"": 3, ""label"": ""patio"", ""confidence"": 0.0543}, {""rank"": 4, ""label"": ""library"", ""confidence"": 0.0359}, {""rank"": 5, ""label"": ""mosque"", ""confidence"": 0.0255}]",True,building
Places365_val_00000781.jpg,/Users/aidahamzic/PycharmProjects/PythonProject1/val_256/Places365_val_00000781.jpg,hotel-outdoor,cinema,0.4754,"[{""rank"": 1, ""label"": ""cinema"", ""confidence"": 0.4754}, {""rank"": 2, ""label"": ""library"", ""confidence"": 0.1178}, {""rank"": 3, ""label"": ""palace"", ""confidence"": 0.089}, {""rank"": 4, ""label"": ""streetcar"", ""confidence"": 0.0787}, {""rank"": 5, ""label"": ""bookshop"", ""confidence"": 0.057}]",True,building
Places365_val_00000784.jpg,/Users/aidahamzic/PycharmProjects/PythonProject1/val_256/Places365_val_00000784.jpg,tower,monastery,0.5604,"[{""rank"": 1, ""label"": ""monastery"", ""confidence"": 0.5604}, {""rank"": 2, ""label"": ""palace"", ""confidence"": 0.3319}, {""rank"": 3, ""label"": ""church"", ""confidence"": 0.0279}, {""rank"": 4, ""label"": ""dome"", ""confidence"": 0.0248}, {""rank"": 5, ""label"": ""bell cote"", ""confidence"": 0.0161}]",True,building
Places365_val_00000799.jpg,/Users/aidahamzic/PycharmProjects/PythonProject1/val_256/Places365_val_00000799.jpg,forest-broadleaf,valley,0.2252,"[{""rank"": 1, ""label"": ""valley"", ""confidence"": 0.2252}, {""rank"": 2, ""label"": ""cliff"", ""confidence"": 0.0626}, {""rank"": 3, ""label"": ""maze"", ""confidence"": 0.0542}, {""rank"": 4, ""label"": ""lakeside"", ""confidence"": 0.044}, {""rank"": 5, ""label"": ""stone wall"", ""confidence"": 0.0294}]",True,forest
Places365_val_00000827.jpg,/Users/aidahamzic/PycharmProjects/PythonProject1/val_256/Places365_val_00000827.jpg,mountain,valley,0.6477,"[{""rank"": 1, ""label"": ""valley"", ""confidence"": 0.6477}, {""rank"": 2, ""label"": ""alp"", ""confidence"": 0.2589}, {""rank"": 3, ""label"": ""cliff"", ""confidence"": 0.0654}, {""rank"": 4, ""label"": ""promontory"", ""confidence"": 0.0086}, {""rank"": 5, ""label"": ""dam"", ""confidence"": 0.0041}]",True,mountain
Places365_val_00000847.jpg,/Users/aidahamzic/PycharmProjects/PythonProject1/val_256/Places365_val_00000847.jpg,rainforest,cliff,0.7628,"[{""rank"": 1, ""label"": ""cliff"", ""confidence"": 0.7628}, {""rank"": 2, ""label"": ""valley"", ""confidence"": 0.0404}, {""rank"": 3, ""label"": ""suspension bridge"", ""confidence"": 0.0204}, {""rank"": 4, ""label"": ""hen-of-the-woods"", ""confidence"": 0.0181}, {""rank"": 5, ""label"": ""cliff dwelling"", ""confidence"": 0.0084}]",True,forest
Places365_val_00000856.jpg,/Users/aidahamzic/PycharmProjects/PythonProject1/val_256/Places365_val_00000856.jpg,street,streetcar,0.3387,"[{""rank"": 1, ""label"": ""streetcar"", ""confidence"": 0.3387}, {""rank"": 2, ""label"": ""cab"", ""confidence"": 0.1216}, {""rank"": 3, ""label"": ""traffic light"", ""confidence"": 0.0723}, {""rank"": 4, ""label"": ""mosque"", ""confidence"": 0.0656}, {""rank"": 5, ""label"": ""police van"", ""confidence"": 0.0499}]",True,street
Places365_val_00000863.jpg,/Users/aidahamzic/PycharmProjects/PythonProject1/val_256/Places365_val_00000863.jpg,river,trimaran,0.699,"[{""rank"": 1, ""label"": ""trimaran"", ""confidence"": 0.699}, {""rank"": 2, ""label"": ""catamaran"", ""confidence"": 0.1717}, {""rank"": 3, ""label"": ""speedboat"", ""confidence"": 0.0473}, {""rank"": 4, ""label"": ""dock"", ""confidence"": 0.0217}, {""rank"": 5, ""label"": ""yawl"", ""confidence"": 0.013}]",True,water
Places365_val_00000890.jpg,/Users/aidahamzic/PycharmProjects/PythonProject1/val_256/Places365_val_00000890.jpg,street,streetcar,0.5169,"[{""rank"": 1, ""label"": ""streetcar"", ""confidence"": 0.5169}, {""rank"": 2, ""label"": ""traffic light"", ""confidence"": 0.1371}, {""rank"": 3, ""label"": ""cab"", ""confidence"": 0.0218}, {""rank"": 4, ""label"": ""street sign"", ""confidence"": 0.021}, {""rank"": 5, ""label"": ""parking meter"", ""confidence"": 0.0146}]",True,street
Places365_val_00000897.jpg,/Users/aidahamzic/PycharmProjects/PythonProject1/val_256/Places365_val_00000897.jpg,glacier,alp,0.3202,"[{""rank"": 1, ""label"": ""alp"", ""confidence"": 0.3202}, {""rank"": 2, ""label"": ""volcano"", ""confidence"": 0.0947}, {""rank"": 3, ""label"": ""killer whale"", ""confidence"": 0.0854}, {""rank"": 4, ""label"": ""grey whale"", ""confidence"": 0.0617}, {""rank"": 5, ""label"": ""snowmobile"", ""confidence"": 0.0524}]",True,glacier
Places365_val_00000906.jpg,/Users/aidahamzic/PycharmProjects/PythonProject1/val_256/Places365_val_00000906.jpg,ocean,promontory,0.9061,"[{""rank"": 1, ""label"": ""promontory"", ""confidence"": 0.9061}, {""rank"": 2, ""label"": ""seashore"", ""confidence"": 0.035}, {""rank"": 3, ""label"": ""volcano"", ""confidence"": 0.0117}, {""rank"": 4, ""label"": ""cliff"", ""confidence"": 0.011}, {""rank"": 5, ""label"": ""valley"", ""confidence"": 0.0103}]",True,water
Places365_val_00000917.jpg,/Users/aidahamzic/PycharmProjects/PythonProject1/val_256/Places365_val_00000917.jpg,downtown,cab,0.4364,"[{""rank"": 1, ""label"": ""cab"", ""confidence"": 0.4364}, {""rank"": 2, ""label"": ""toyshop"", ""confidence"": 0.0803}, {""rank"": 3, ""label"": ""obelisk"", ""confidence"": 0.068}, {""rank"": 4, ""label"": ""tobacco shop"", ""confidence"": 0.0291}, {""rank"": 5, ""label"": ""triumphal arch"", ""confidence"": 0.029}]",True,building
Places365_val_00000941.jpg,/Users/aidahamzic/PycharmProjects/PythonProject1/val_256/Places365_val_00000941.jpg,mountain,valley,0.486,"[{""rank"": 1, ""label"": ""valley"", ""confidence"": 0.486}, {""rank"": 2, ""label"": ""alp"", ""confidence"": 0.1885}, {""rank"": 3, ""label"": ""cliff"", ""confidence"": 0.1378}, {""rank"": 4, ""label"": ""promontory"", ""confidence"": 0.0545}, {""rank"": 5, ""label"": ""lakeside"", ""confidence"": 0.0217}]",True,mountain
Places365_val_00000963.jpg,/Users/aidahamzic/PycharmProjects/PythonProject1/val_256/Places365_val_00000963.jpg,house,mobile home,0.674,"[{""rank"": 1, ""label"": ""mobile home"", ""confidence"": 0.674}, {""rank"": 2, ""label"": ""patio"", ""confidence"": 0.1573}, {""rank"": 3, ""label"": ""boathouse"", ""confidence"": 0.0303}, {""rank"": 4, ""label"": ""monastery"", ""confidence"": 0.0137}, {""rank"": 5, ""label"": ""solar dish"", ""confidence"": 0.0137}]",True,building
Places365_val_00000970.jpg,/Users/aidahamzic/PycharmProjects/PythonProject1/val_256/Places365_val_00000970.jpg,ocean,seashore,0.5564,"[{""rank"": 1, ""label"": ""seashore"", ""confidence"": 0.5564}, {""rank"": 2, ""label"": ""sandbar"", ""confidence"": 0.0689}, {""rank"": 3, ""label"": ""oystercatcher"", ""confidence"": 0.0601}, {""rank"": 4, ""label"": ""killer whale"", ""confidence"": 0.0492}, {""rank"": 5, ""label"": ""promontory"", ""confidence"": 0.0339}]",True,water
Places365_val_00000975.jpg,/Users/aidahamzic/PycharmProjects/PythonProject1/val_256/Places365_val_00000975.jpg,house,castle,0.9743,"[{""rank"": 1, ""label"": ""castle"", ""confidence"": 0.9743}, {""rank"": 2, ""label"": ""monastery"", ""confidence"": 0.015}, {""rank"": 3, ""label"": ""alp"", ""confidence"": 0.0064}, {""rank"": 4, ""label"": ""cliff"", ""confidence"": 0.0008}, {""rank"": 5, ""label"": ""megalith"", ""confidence"": 0.0006}]",True,building
Places365_val_00001001.jpg,/Users/aidahamzic/PycharmProjects/PythonProject1/val_256/Places365_val_00001001.jpg,tower,monastery,0.6375,"[{""rank"": 1, ""label"": ""monastery"", ""confidence"": 0.6375}, {""rank"": 2, ""label"": ""church"", ""confidence"": 0.1536}, {""rank"": 3, ""label"": ""bell cote"", ""confidence"": 0.1092}, {""rank"": 4, ""label"": ""palace"", ""confidence"": 0.0467}, {""rank"": 5, ""label"": ""triumphal arch"", ""confidence"": 0.0119}]",True,building
Places365_val_00001027.jpg,/Users/aidahamzic/PycharmProjects/PythonProject1/val_256/Places365_val_00001027.jpg,mountain,alp,0.6402,"[{""rank"": 1, ""label"": ""alp"", ""confidence"": 0.6402}, {""rank"": 2, ""label"": ""valley"", ""confidence"": 0.3455}, {""rank"": 3, ""label"": ""mountain tent"", ""confidence"": 0.0073}, {""rank"": 4, ""label"": ""cliff"", ""confidence"": 0.0035}, {""rank"": 5, ""label"": ""ibex"", ""confidence"": 0.0007}]",True,mountain
Places365_val_00001133.jpg,/Users/aidahamzic/PycharmProjects/PythonProject1/val_256/Places365_val_00001133.jpg,forest-broadleaf,mountain bike,0.1238,"[{""rank"": 1, ""label"": ""mountain bike"", ""confidence"": 0.1238}, {""rank"": 2, ""label"": ""maze"", ""confidence"": 0.0686}, {""rank"": 3, ""label"": ""mountain tent"", ""confidence"": 0.0671}, {""rank"": 4, ""label"": ""bison"", ""confidence"": 0.0539}, {""rank"": 5, ""label"": ""worm fence"", ""confidence"": 0.0482}]",True,forest
Places365_val_00001149.jpg,/Users/aidahamzic/PycharmProjects/PythonProject1/val_256/Places365_val_00001149.jpg,house,boathouse,0.8254,"[{""rank"": 1, ""label"": ""boathouse"", ""confidence"": 0.8254}, {""rank"": 2, ""label"": ""lakeside"", ""confidence"": 0.1508}, {""rank"": 3, ""label"": ""palace"", ""confidence"": 0.01}, {""rank"": 4, ""label"": ""dam"", ""confidence"": 0.0039}, {""rank"": 5, ""label"": ""pier"", ""confidence"": 0.0025}]",True,building
Places365_val_00001160.jpg,/Users/aidahamzic/PycharmProjects/PythonProject1/val_256/Places365_val_00001160.jpg,street,prison,0.3285,"[{""rank"": 1, ""label"": ""prison"", ""confidence"": 0.3285}, {""rank"": 2, ""label"": ""streetcar"", ""confidence"": 0.2617}, {""rank"": 3, ""label"": ""passenger car"", ""confidence"": 0.2155}, {""rank"": 4, ""label"": ""bullet train"", ""confidence"": 0.067}, {""rank"": 5, ""label"": ""electric locomotive"", ""confidence"": 0.0145}]",True,street
Places365_val_00001180.jpg,/Users/aidahamzic/PycharmProjects/PythonProject1/val_256/Places365_val_00001180.jpg,glacier,alp,0.9793,"[{""rank"": 1, ""label"": ""alp"", ""confidence"": 0.9793}, {""rank"": 2, ""label"": ""valley"", ""confidence"": 0.0068}, {""rank"": 3, ""label"": ""mountain tent"", ""confidence"": 0.003}, {""rank"": 4, ""label"": ""ski"", ""confidence"": 0.0018}, {""rank"": 5, ""label"": ""volcano"", ""confidence"": 0.0016}]",True,glacier
Places365_val_00001214.jpg,/Users/aidahamzic/PycharmProjects/PythonProject1/val_256/Places365_val_00001214.jpg,coast,seashore,0.4839,"[{""rank"": 1, ""label"": ""seashore"", ""confidence"": 0.4839}, {""rank"": 2, ""label"": ""sandbar"", ""confidence"": 0.2944}, {""rank"": 3, ""label"": ""wreck"", ""confidence"": 0.0965}, {""rank"": 4, ""label"": ""cliff"", ""confidence"": 0.0457}, {""rank"": 5, ""label"": ""promontory"", ""confidence"": 0.0153}]",True,water
Places365_val_00001234.jpg,/Users/aidahamzic/PycharmProjects/PythonProject1/val_256/Places365_val_00001234.jpg,ocean,speedboat,0.614,"[{""rank"": 1, ""label"": ""speedboat"", ""confidence"": 0.614}, {""rank"": 2, ""label"": ""lifeboat"", ""confidence"": 0.0771}, {""rank"": 3, ""label"": ""paddle"", ""confidence"": 0.0638}, {""rank"": 4, ""label"": ""seashore"", ""confidence"": 0.0461}, {""rank"": 5, ""label"": ""catamaran"", ""confidence"": 0.0459}]",True,water
Places365_val_00001239.jpg,/Users/aidahamzic/PycharmProjects/PythonProject1/val_256/Places365_val_00001239.jpg,skyscraper,picket fence,0.2306,"[{""rank"": 1, ""label"": ""picket fence"", ""confidence"": 0.2306}, {""rank"": 2, ""label"": ""suspension bridge"", ""confidence"": 0.0766}, {""rank"": 3, ""label"": ""beacon"", ""confidence"": 0.0625}, {""rank"": 4, ""label"": ""obelisk"", ""confidence"": 0.05}, {""rank"": 5, ""label"": ""planetarium"", ""confidence"": 0.0414}]",True,building
Places365_val_00001253.jpg,/Users/aidahamzic/PycharmProjects/PythonProject1/val_256/Places365_val_00001253.jpg,downtown,seashore,0.1265,"[{""rank"": 1, ""label"": ""seashore"", ""confidence"": 0.1265}, {""rank"": 2, ""label"": ""lakeside"", ""confidence"": 0.0838}, {""rank"": 3, ""label"": ""worm fence"", ""confidence"": 0.0664}, {""rank"": 4, ""label"": ""palace"", ""confidence"": 0.0588}, {""rank"": 5, ""label"": ""steel arch bridge"", ""confidence"": 0.052}]",True,building
Places365_val_00001259.jpg,/Users/aidahamzic/PycharmProjects/PythonProject1/val_256/Places365_val_00001259.jpg,street,streetcar,0.0817,"[{""rank"": 1, ""label"": ""streetcar"", ""confidence"": 0.0817}, {""rank"": 2, ""label"": ""grocery store"", ""confidence"": 0.0593}, {""rank"": 3, ""label"": ""jinrikisha"", ""confidence"": 0.0393}, {""rank"": 4, ""label"": ""vizsla"", ""confidence"": 0.0278}, {""rank"": 5, ""label"": ""library"", ""confidence"": 0.0223}]",True,street
Places365_val_00001265.jpg,/Users/aidahamzic/PycharmProjects/PythonProject1/val_256/Places365_val_00001265.jpg,skyscraper,space shuttle,0.1245,"[{""rank"": 1, ""label"": ""space shuttle"", ""confidence"": 0.1245}, {""rank"": 2, ""label"": ""mosque"", ""confidence"": 0.0923}, {""rank"": 3, ""label"": ""bell cote"", ""confidence"": 0.0921}, {""rank"": 4, ""label"": ""cinema"", ""confidence"": 0.0712}, {""rank"": 5, ""label"": ""missile"", ""confidence"": 0.0663}]",True,building
Places365_val_00001317.jpg,/Users/aidahamzic/PycharmProjects/PythonProject1/val_256/Places365_val_00001317.jpg,alley,prison,0.6054,"[{""rank"": 1, ""label"": ""prison"", ""confidence"": 0.6054}, {""rank"": 2, ""label"": ""jinrikisha"", ""confidence"": 0.1456}, {""rank"": 3, ""label"": ""bookshop"", ""confidence"": 0.0417}, {""rank"": 4, ""label"": ""streetcar"", ""confidence"": 0.0221}, {""rank"": 5, ""label"": ""moving van"", ""confidence"": 0.0191}]",True,street
Places365_val_00001348.jpg,/Users/aidahamzic/PycharmProjects/PythonProject1/val_256/Places365_val_00001348.jpg,street,swing,0.1179,"[{""rank"": 1, ""label"": ""swing"", ""confidence"": 0.1179}, {""rank"": 2, ""label"": ""trolleybus"", ""confidence"": 0.1105}, {""rank"": 3, ""label"": ""snowplow"", ""confidence"": 0.0992}, {""rank"": 4, ""label"": ""traffic light"", ""confidence"": 0.0947}, {""rank"": 5, ""label"": ""street sign"", ""confidence"": 0.088}]",True,street
Places365_val_00001394.jpg,/Users/aidahamzic/PycharmProjects/PythonProject1/val_256/Places365_val_00001394.jpg,mountain,lakeside,0.6392,"[{""rank"": 1, ""label"": ""lakeside"", ""confidence"": 0.6392}, {""rank"": 2, ""label"": ""valley"", ""confidence"": 0.1307}, {""rank"": 3, ""label"": ""seashore"", ""confidence"": 0.0401}, {""rank"": 4, ""label"": ""volcano"", ""confidence"": 0.0364}, {""rank"": 5, ""label"": ""alp"", ""confidence"": 0.0347}]",True,mountain
Places365_val_00001486.jpg,/Users/aidahamzic/PycharmProjects/PythonProject1/val_256/Places365_val_00001486.jpg,rainforest,valley,0.9756,"[{""rank"": 1, ""label"": ""valley"", ""confidence"": 0.9756}, {""rank"": 2, ""label"": ""lakeside"", ""confidence"": 0.0068}, {""rank"": 3, ""label"": ""stone wall"", ""confidence"": 0.0064}, {""rank"": 4, ""label"": ""maze"", ""confidence"": 0.0041}, {""rank"": 5, ""label"": ""cliff"", ""confidence"": 0.0016}]",True,forest
Places365_val_00001521.jpg,/Users/aidahamzic/PycharmProjects/PythonProject1/val_256/Places365_val_00001521.jpg,river,canoe,0.5328,"[{""rank"": 1, ""label"": ""canoe"", ""confidence"": 0.5328}, {""rank"": 2, ""label"": ""paddle"", ""confidence"": 0.2558}, {""rank"": 3, ""label"": ""lakeside"", ""confidence"": 0.0604}, {""rank"": 4, ""label"": ""schooner"", ""confidence"": 0.044}, {""rank"": 5, ""label"": ""gondola"", ""confidence"": 0.0376}]",True,water
Places365_val_00001780.jpg,/Users/aidahamzic/PycharmProjects/PythonProject1/val_256/Places365_val_00001780.jpg,mountain,geyser,0.8981,"[{""rank"": 1, ""label"": ""geyser"", ""confidence"": 0.8981}, {""rank"": 2, ""label"": ""volcano"", ""confidence"": 0.1014}, {""rank"": 3, ""label"": ""alp"", ""confidence"": 0.0001}, {""rank"": 4, ""label"": ""cliff"", ""confidence"": 0.0001}, {""rank"": 5, ""label"": ""breakwater"", ""confidence"": 0.0001}]",True,mountain
Places365_val_00001802.jpg,/Users/aidahamzic/PycharmProjects/PythonProject1/val_256/Places365_val_00001802.jpg,ocean,promontory,0.3149,"[{""rank"": 1, ""label"": ""promontory"", ""confidence"": 0.3149}, {""rank"": 2, ""label"": ""lakeside"", ""confidence"": 0.2495}, {""rank"": 3, ""label"": ""seashore"", ""confidence"": 0.2048}, {""rank"": 4, ""label"": ""valley"", ""confidence"": 0.0631}, {""rank"": 5, ""label"": ""cliff"", ""confidence"": 0.0253}]",True,water
Places365_val_00001924.jpg,/Users/aidahamzic/PycharmProjects/PythonProject1/val_256/Places365_val_00001924.jpg,coast,lakeside,0.2938,"[{""rank"": 1, ""label"": ""lakeside"", ""confidence"": 0.2938}, {""rank"": 2, ""label"": ""seashore"", ""confidence"": 0.1406}, {""rank"": 3, ""label"": ""television"", ""confidence"": 0.081}, {""rank"": 4, ""label"": ""volcano"", ""confidence"": 0.0596}, {""rank"": 5, ""label"": ""monitor"", ""confidence"": 0.0556}]",True,water
Places365_val_00001939.jpg,/Users/aidahamzic/PycharmProjects/PythonProject1/val_256/Places365_val_00001939.jpg,coast,seashore,0.4354,"[{""rank"": 1, ""label"": ""seashore"", ""confidence"": 0.4354}, {""rank"": 2, ""label"": ""sandbar"", ""confidence"": 0.2725}, {""rank"": 3, ""label"": ""volleyball"", ""confidence"": 0.1926}, {""rank"": 4, ""label"": ""swimming trunks"", ""confidence"": 0.0554}, {""rank"": 5, ""label"": ""bathing cap"", ""confidence"": 0.0104}]",True,water
Places365_val_00002091.jpg,/Users/aidahamzic/PycharmProjects/PythonProject1/val_256/Places365_val_00002091.jpg,street,maypole,0.2494,"[{""rank"": 1, ""label"": ""maypole"", ""confidence"": 0.2494}, {""rank"": 2, ""label"": ""jinrikisha"", ""confidence"": 0.1437}, {""rank"": 3, ""label"": ""streetcar"", ""confidence"": 0.1188}, {""rank"": 4, ""label"": ""ski"", ""confidence"": 0.0856}, {""rank"": 5, ""label"": ""horse cart"", ""confidence"": 0.035}]",True,street
Places365_val_00002131.jpg,/Users/aidahamzic/PycharmProjects/PythonProject1/val_256/Places365_val_00002131.jpg,river,lakeside,0.466,"[{""rank"": 1, ""label"": ""lakeside"", ""confidence"": 0.466}, {""rank"": 2, ""label"": ""beacon"", ""confidence"": 0.0812}, {""rank"": 3, ""label"": ""boathouse"", ""confidence"": 0.0609}, {""rank"": 4, ""label"": ""breakwater"", ""confidence"": 0.0412}, {""rank"": 5, ""label"": ""sandbar"", ""confidence"": 0.0302}]",True,water
Places365_val_00002155.jpg,/Users/aidahamzic/PycharmProjects/PythonProject1/val_256/Places365_val_00002155.jpg,glacier,cliff,0.1481,"[{""rank"": 1, ""label"": ""cliff"", ""confidence"": 0.1481}, {""rank"": 2, ""label"": ""seashore"", ""confidence"": 0.1271}, {""rank"": 3, ""label"": ""valley"", ""confidence"": 0.1253}, {""rank"": 4, ""label"": ""beacon"", ""confidence"": 0.1197}, {""rank"": 5, ""label"": ""promontory"", ""confidence"": 0.0949}]",True,glacier
Places365_val_00002186.jpg,/Users/aidahamzic/PycharmProjects/PythonProject1/val_256/Places365_val_00002186.jpg,rainforest,valley,0.1301,"[{""rank"": 1, ""label"": ""valley"", ""confidence"": 0.1301}, {""rank"": 2, ""label"": ""rapeseed"", ""confidence"": 0.0741}, {""rank"": 3, ""label"": ""head cabbage"", ""confidence"": 0.0638}, {""rank"": 4, ""label"": ""maze"", ""confidence"": 0.0518}, {""rank"": 5, ""label"": ""lakeside"", ""confidence"": 0.0493}]",True,forest
Places365_val_00002308.jpg,/Users/aidahamzic/PycharmProjects/PythonProject1/val_256/Places365_val_00002308.jpg,ocean,seashore,0.3901,"[{""rank"": 1, ""label"": ""seashore"", ""confidence"": 0.3901}, {""rank"": 2, ""label"": ""swimming trunks"", ""confidence"": 0.2475}, {""rank"": 3, ""label"": ""sandbar"", ""confidence"": 0.0569}, {""rank"": 4, ""label"": ""sarong"", ""confidence"": 0.0368}, {""rank"": 5, ""label"": ""bikini"", ""confidence"": 0.0187}]",True,water
Places365_val_00002338.jpg,/Users/aidahamzic/PycharmProjects/PythonProject1/val_256/Places365_val_00002338.jpg,glacier,alp,0.8691,"[{""rank"": 1, ""label"": ""alp"", ""confidence"": 0.8691}, {""rank"": 2, ""label"": ""ski"", ""confidence"": 0.104}, {""rank"": 3, ""label"": ""mountain tent"", ""confidence"": 0.0119}, {""rank"": 4, ""label"": ""valley"", ""confidence"": 0.0105}, {""rank"": 5, ""label"": ""snowmobile"", ""confidence"": 0.0013}]",True,glacier
Places365_val_00002367.jpg,/Users/aidahamzic/PycharmProjects/PythonProject1/val_256/Places365_val_00002367.jpg,coast,sandbar,0.1212,"[{""rank"": 1, ""label"": ""sandbar"", ""confidence"": 0.1212}, {""rank"": 2, ""label"": ""seashore"", ""confidence"": 0.0794}, {""rank"": 3, ""label"": ""lakeside"", ""confidence"": 0.0654}, {""rank"": 4, ""label"": ""promontory"", ""confidence"": 0.0394}, {""rank"": 5, ""label"": ""breakwater"", ""confidence"": 0.0251}]",True,water
Places365_val_00002399.jpg,/Users/aidahamzic/PycharmProjects/PythonProject1/val_256/Places365_val_00002399.jpg,river,canoe,0.6049,"[{""rank"": 1, ""label"": ""canoe"", ""confidence"": 0.6049}, {""rank"": 2, ""label"": ""lakeside"", ""confidence"": 0.1338}, {""rank"": 3, ""label"": ""paddle"", ""confidence"": 0.053}, {""rank"": 4, ""label"": ""boathouse"", ""confidence"": 0.02}, {""rank"": 5, ""label"": ""swing"", ""confidence"": 0.0199}]",True,water
Places365_val_00002442.jpg,/Users/aidahamzic/PycharmProjects/PythonProject1/val_256/Places365_val_00002442.jpg,forest-broadleaf,bison,0.5454,"[{""rank"": 1, ""label"": ""bison"", ""confidence"": 0.5454}, {""rank"": 2, ""label"": ""ox"", ""confidence"": 0.064}, {""rank"": 3, ""label"": ""brown bear"", ""confidence"": 0.054}, {""rank"": 4, ""label"": ""wild boar"", ""confidence"": 0.0525}, {""rank"": 5, ""label"": ""ibex"", ""confidence"": 0.0389}]",True,forest
Places365_val_00002459.jpg,/Users/aidahamzic/PycharmProjects/PythonProject1/val_256/Places365_val_00002459.jpg,glacier,mountain tent,0.6759,"[{""rank"": 1, ""label"": ""mountain tent"", ""confidence"": 0.6759}, {""rank"": 2, ""label"": ""ski"", ""confidence"": 0.1606}, {""rank"": 3, ""label"": ""alp"", ""confidence"": 0.0936}, {""rank"": 4, ""label"": ""seashore"", ""confidence"": 0.0071}, {""rank"": 5, ""label"": ""parachute"", ""confidence"": 0.0067}]",True,glacier
Places365_val_00002502.jpg,/Users/aidahamzic/PycharmProjects/PythonProject1/val_256/Places365_val_00002502.jpg,alley,prison,0.6229,"[{""rank"": 1, ""label"": ""prison"", ""confidence"": 0.6229}, {""rank"": 2, ""label"": ""passenger car"", ""confidence"": 0.2509}, {""rank"": 3, ""label"": ""streetcar"", ""confidence"": 0.0342}, {""rank"": 4, ""label"": ""electric locomotive"", ""confidence"": 0.0263}, {""rank"": 5, ""label"": ""steam locomotive"", ""confidence"": 0.0134}]",True,street
Places365_val_00002665.jpg,/Users/aidahamzic/PycharmProjects/PythonProject1/val_256/Places365_val_00002665.jpg,glacier,alp,0.338,"[{""rank"": 1, ""label"": ""alp"", ""confidence"": 0.338}, {""rank"": 2, ""label"": ""cliff"", ""confidence"": 0.0435}, {""rank"": 3, ""label"": ""snowplow"", ""confidence"": 0.0217}, {""rank"": 4, ""label"": ""snowmobile"", ""confidence"": 0.0191}, {""rank"": 5, ""label"": ""ski"", ""confidence"": 0.0162}]",True,glacier
Places365_val_00002802.jpg,/Users/aidahamzic/PycharmProjects/PythonProject1/val_256/Places365_val_00002802.jpg,rainforest,spider monkey,0.0669,"[{""rank"": 1, ""label"": ""spider monkey"", ""confidence"": 0.0669}, {""rank"": 2, ""label"": ""capuchin"", ""confidence"": 0.048}, {""rank"": 3, ""label"": ""squirrel monkey"", ""confidence"": 0.0343}, {""rank"": 4, ""label"": ""three-toed sloth"", ""confidence"": 0.0338}, {""rank"": 5, ""label"": ""gibbon"", ""confidence"": 0.0335}]",True,forest
Places365_val_00002861.jpg,/Users/aidahamzic/PycharmProjects/PythonProject1/val_256/Places365_val_00002861.jpg,glacier,alp,0.8863,"[{""rank"": 1, ""label"": ""alp"", ""confidence"": 0.8863}, {""rank"": 2, ""label"": ""cliff"", ""confidence"": 0.042}, {""rank"": 3, ""label"": ""valley"", ""confidence"": 0.0401}, {""rank"": 4, ""label"": ""promontory"", ""confidence"": 0.0078}, {""rank"": 5, ""label"": ""mountain tent"", ""confidence"": 0.0063}]",True,glacier
Places365_val_00002980.jpg,/Users/aidahamzic/PycharmProjects/PythonProject1/val_256/Places365_val_00002980.jpg,glacier,alp,0.6011,"[{""rank"": 1, ""label"": ""alp"", ""confidence"": 0.6011}, {""rank"": 2, ""label"": ""valley"", ""confidence"": 0.2455}, {""rank"": 3, ""label"": ""mountain tent"", ""confidence"": 0.0805}, {""rank"": 4, ""label"": ""cliff"", ""confidence"": 0.0212}, {""rank"": 5, ""label"": ""promontory"", ""confidence"": 0.0127}]",True,glacier
Places365_val_00003055.jpg,/Users/aidahamzic/PycharmProjects/PythonProject1/val_256/Places365_val_00003055.jpg,rainforest,pot,0.3455,"[{""rank"": 1, ""label"": ""pot"", ""confidence"": 0.3455}, {""rank"": 2, ""label"": ""pomegranate"", ""confidence"": 0.126}, {""rank"": 3, ""label"": ""greenhouse"", ""confidence"": 0.1215}, {""rank"": 4, ""label"": ""macaw"", ""confidence"": 0.03}, {""rank"": 5, ""label"": ""birdhouse"", ""confidence"": 0.0298}]",True,forest
Places365_val_00003172.jpg,/Users/aidahamzic/PycharmProjects/PythonProject1/val_256/Places365_val_00003172.jpg,glacier,valley,0.5054,"[{""rank"": 1, ""label"": ""valley"", ""confidence"": 0.5054}, {""rank"": 2, ""label"": ""alp"", ""confidence"": 0.4248}, {""rank"": 3, ""label"": ""lakeside"", ""confidence"": 0.0168}, {""rank"": 4, ""label"": ""volcano"", ""confidence"": 0.009}, {""rank"": 5, ""label"": ""cliff"", ""confidence"": 0.0086}]",True,glacier
Places365_val_00003186.jpg,/Users/aidahamzic/PycharmProjects/PythonProject1/val_256/Places365_val_00003186.jpg,rainforest,howler monkey,0.449,"[{""rank"": 1, ""label"": ""howler monkey"", ""confidence"": 0.449}, {""rank"": 2, ""label"": ""spider monkey"", ""confidence"": 0.1312}, {""rank"": 3, ""label"": ""lesser panda"", ""confidence"": 0.1077}, {""rank"": 4, ""label"": ""orangutan"", ""confidence"": 0.075}, {""rank"": 5, ""label"": ""langur"", ""confidence"": 0.0351}]",True,forest
Places365_val_00003223.jpg,/Users/aidahamzic/PycharmProjects/PythonProject1/val_256/Places365_val_00003223.jpg,rainforest,mountain bike,0.0733,"[{""rank"": 1, ""label"": ""mountain bike"", ""confidence"": 0.0733}, {""rank"": 2, ""label"": ""cliff"", ""confidence"": 0.0726}, {""rank"": 3, ""label"": ""American black bear"", ""confidence"": 0.0552}, {""rank"": 4, ""label"": ""stone wall"", ""confidence"": 0.0399}, {""rank"": 5, ""label"": ""mountain tent"", ""confidence"": 0.0305}]",True,forest
Places365_val_00003322.jpg,/Users/aidahamzic/PycharmProjects/PythonProject1/val_256/Places365_val_00003322.jpg,mountain,alp,0.6235,"[{""rank"": 1, ""label"": ""alp"", ""confidence"": 0.6235}, {""rank"": 2, ""label"": ""valley"", ""confidence"": 0.2206}, {""rank"": 3, ""label"": ""cliff"", ""confidence"": 0.0608}, {""rank"": 4, ""label"": ""mountain tent"", ""confidence"": 0.0268}, {""rank"": 5, ""label"": ""volcano"", ""confidence"": 0.0162}]",True,mountain
Places365_val_00003395.jpg,/Users/aidahamzic/PycharmProjects/PythonProject1/val_256/Places365_val_00003395.jpg,glacier,alp,0.7271,"[{""rank"": 1, ""label"": ""alp"", ""confidence"": 0.7271}, {""rank"": 2, ""label"": ""valley"", ""confidence"": 0.1218}, {""rank"": 3, ""label"": ""ski"", ""confidence"": 0.035}, {""rank"": 4, ""label"": ""snowmobile"", ""confidence"": 0.008}, {""rank"": 5, ""label"": ""cliff"", ""confidence"": 0.0078}]",True,glacier
Places365_val_00003887.jpg,/Users/aidahamzic/PycharmProjects/PythonProject1/val_256/Places365_val_00003887.jpg,alley,steam locomotive,0.2001,"[{""rank"": 1, ""label"": ""steam locomotive"", ""confidence"": 0.2001}, {""rank"": 2, ""label"": ""moped"", ""confidence"": 0.1044}, {""rank"": 3, ""label"": ""cannon"", ""confidence"": 0.0591}, {""rank"": 4, ""label"": ""tractor"", ""confidence"": 0.0457}, {""rank"": 5, ""label"": ""jinrikisha"", ""confidence"": 0.0326}]",True,street
Places365_val_00004000.jpg,/Users/aidahamzic/PycharmProjects/PythonProject1/val_256/Places365_val_00004000.jpg,mountain,valley,0.7483,"[{""rank"": 1, ""label"": ""valley"", ""confidence"": 0.7483}, {""rank"": 2, ""label"": ""cliff"", ""confidence"": 0.1144}, {""rank"": 3, ""label"": ""alp"", ""confidence"": 0.1081}, {""rank"": 4, ""label"": ""promontory"", ""confidence"": 0.0116}, {""rank"": 5, ""label"": ""dam"", ""confidence"": 0.0034}]",True,mountain
Places365_val_00004029.jpg,/Users/aidahamzic/PycharmProjects/PythonProject1/val_256/Places365_val_00004029.jpg,highway,sports car,0.2635,"[{""rank"": 1, ""label"": ""sports car"", ""confidence"": 0.2635}, {""rank"": 2, ""label"": ""convertible"", ""confidence"": 0.1703}, {""rank"": 3, ""label"": ""limousine"", ""confidence"": 0.1116}, {""rank"": 4, ""label"": ""minivan"", ""confidence"": 0.0898}, {""rank"": 5, ""label"": ""pickup"", ""confidence"": 0.0486}]",True,street
Places365_val_00004333.jpg,/Users/aidahamzic/PycharmProjects/PythonProject1/val_256/Places365_val_00004333.jpg,glacier,alp,0.5805,"[{""rank"": 1, ""label"": ""alp"", ""confidence"": 0.5805}, {""rank"": 2, ""label"": ""valley"", ""confidence"": 0.3418}, {""rank"": 3, ""label"": ""lakeside"", ""confidence"": 0.0186}, {""rank"": 4, ""label"": ""cliff"", ""confidence"": 0.0171}, {""rank"": 5, ""label"": ""mountain tent"", ""confidence"": 0.0163}]",True,glacier
Places365_val_00004358.jpg,/Users/aidahamzic/PycharmProjects/PythonProject1/val_256/Places365_val_00004358.jpg,rainforest,valley,0.5771,"[{""rank"": 1, ""label"": ""valley"", ""confidence"": 0.5771}, {""rank"": 2, ""label"": ""cliff"", ""confidence"": 0.0727}, {""rank"": 3, ""label"": ""lakeside"", ""confidence"": 0.0293}, {""rank"": 4, ""label"": ""suspension bridge"", ""confidence"": 0.0271}, {""rank"": 5, ""label"": ""cliff dwelling"", ""confidence"": 0.0204}]",True,forest
Places365_val_00004577.jpg,/Users/aidahamzic/PycharmProjects/PythonProject1/val_256/Places365_val_00004577.jpg,forest-broadleaf,lakeside,0.8197,"[{""rank"": 1, ""label"": ""lakeside"", ""confidence"": 0.8197}, {""rank"": 2, ""label"": ""boathouse"", ""confidence"": 0.0521}, {""rank"": 3, ""label"": ""seashore"", ""confidence"": 0.0145}, {""rank"": 4, ""label"": ""canoe"", ""confidence"": 0.0138}, {""rank"": 5, ""label"": ""valley"", ""confidence"": 0.0126}]",True,forest
Places365_val_00004604.jpg,/Users/aidahamzic/PycharmProjects/PythonProject1/val_256/Places365_val_00004604.jpg,glacier,valley,0.5501,"[{""rank"": 1, ""label"": ""valley"", ""confidence"": 0.5501}, {""rank"": 2, ""label"": ""alp"", ""confidence"": 0.1652}, {""rank"": 3, ""label"": ""cliff"", ""confidence"": 0.0779}, {""rank"": 4, ""label"": ""promontory"", ""confidence"": 0.0723}, {""rank"": 5, ""label"": ""lakeside"", ""confidence"": 0.0333}]",True,glacier
Places365_val_00004611.jpg,/Users/aidahamzic/PycharmProjects/PythonProject1/val_256/Places365_val_00004611.jpg,highway,pickup,0.3519,"[{""rank"": 1, ""label"": ""pickup"", ""confidence"": 0.3519}, {""rank"": 2, ""label"": ""tow truck"", ""confidence"": 0.2503}, {""rank"": 3, ""label"": ""police van"", ""confidence"": 0.113}, {""rank"": 4, ""label"": ""garbage truck"", ""confidence"": 0.0595}, {""rank"": 5, ""label"": ""cab"", ""confidence"": 0.0443}]",True,street
Places365_val_00004876.jpg,/Users/aidahamzic/PycharmProjects/PythonProject1/val_256/Places365_val_00004876.jpg,rainforest,valley,0.8805,"[{""rank"": 1, ""label"": ""valley"", ""confidence"": 0.8805}, {""rank"": 2, ""label"": ""alp"", ""confidence"": 0.0229}, {""rank"": 3, ""label"": ""suspension bridge"", ""confidence"": 0.0209}, {""rank"": 4, ""label"": ""cliff"", ""confidence"": 0.0195}, {""rank"": 5, ""label"": ""mountain bike"", ""confidence"": 0.0059}]",True,forest
Places365_val_00004968.jpg,/Users/aidahamzic/PycharmProjects/PythonProject1/val_256/Places365_val_00004968.jpg,forest-broadleaf,worm fence,0.0814,"[{""rank"": 1, ""label"": ""worm fence"", ""confidence"": 0.0814}, {""rank"": 2, ""label"": ""lakeside"", ""confidence"": 0.08}, {""rank"": 3, ""label"": ""mountain bike"", ""confidence"": 0.0708}, {""rank"": 4, ""label"": ""water buffalo"", ""confidence"": 0.0387}, {""rank"": 5, ""label"": ""valley"", ""confidence"": 0.0314}]",True,forest
Places365_val_00005019.jpg,/Users/aidahamzic/PycharmProjects/PythonProject1/val_256/Places365_val_00005019.jpg,glacier,alp,0.237,"[{""rank"": 1, ""label"": ""alp"", ""confidence"": 0.237}, {""rank"": 2, ""label"": ""volcano"", ""confidence"": 0.15}, {""rank"": 3, ""label"": ""cliff"", ""confidence"": 0.1014}, {""rank"": 4, ""label"": ""promontory"", ""confidence"": 0.0922}, {""rank"": 5, ""label"": ""valley"", ""confidence"": 0.0611}]",True,glacier
Places365_val_00005112.jpg,/Users/aidahamzic/PycharmProjects/PythonProject1/val_256/Places365_val_00005112.jpg,mountain,volcano,0.9983,"[{""rank"": 1, ""label"": ""volcano"", ""confidence"": 0.9983}, {""rank"": 2, ""label"": ""alp"", ""confidence"": 0.0005}, {""rank"": 3, ""label"": ""lakeside"", ""confidence"": 0.0002}, {""rank"": 4, ""label"": ""valley"", ""confidence"": 0.0002}, {""rank"": 5, ""label"": ""mountain tent"", ""confidence"": 0.0002}]",True,mountain
Places365_val_00005544.jpg,/Users/aidahamzic/PycharmProjects/PythonProject1/val_256/Places365_val_00005544.jpg,mountain,cliff,0.147,"[{""rank"": 1, ""label"": ""cliff"", ""confidence"": 0.147}, {""rank"": 2, ""label"": ""alp"", ""confidence"": 0.1252}, {""rank"": 3, ""label"": ""mountain tent"", ""confidence"": 0.1092}, {""rank"": 4, ""label"": ""mountain bike"", ""confidence"": 0.0952}, {""rank"": 5, ""label"": ""valley"", ""confidence"": 0.0598}]",True,mountain
Places365_val_00005927.jpg,/Users/aidahamzic/PycharmProjects/PythonProject1/val_256/Places365_val_00005927.jpg,glacier,lakeside,0.6388,"[{""rank"": 1, ""label"": ""lakeside"", ""confidence"": 0.6388}, {""rank"": 2, ""label"": ""valley"", ""confidence"": 0.122}, {""rank"": 3, ""label"": ""alp"", ""confidence"": 0.0405}, {""rank"": 4, ""label"": ""volcano"", ""confidence"": 0.0387}, {""rank"": 5, ""label"": ""boathouse"", ""confidence"": 0.0357}]",True,glacier
Places365_val_00006187.jpg,/Users/aidahamzic/PycharmProjects/PythonProject1/val_256/Places365_val_00006187.jpg,mountain,cliff,0.7973,"[{""rank"": 1, ""label"": ""cliff"", ""confidence"": 0.7973}, {""rank"": 2, ""label"": ""valley"", ""confidence"": 0.0606}, {""rank"": 3, ""label"": ""promontory"", ""confidence"": 0.0298}, {""rank"": 4, ""label"": ""cliff dwelling"", ""confidence"": 0.0149}, {""rank"": 5, ""label"": ""brown bear"", ""confidence"": 0.0125}]",True,mountain
Places365_val_00006235.jpg,/Users/aidahamzic/PycharmProjects/PythonProject1/val_256/Places365_val_00006235.jpg,mountain,alp,0.2779,"[{""rank"": 1, ""label"": ""alp"", ""confidence"": 0.2779}, {""rank"": 2, ""label"": ""valley"", ""confidence"": 0.1964}, {""rank"": 3, ""label"": ""volcano"", ""confidence"": 0.1517}, {""rank"": 4, ""label"": ""cliff"", ""confidence"": 0.1456}, {""rank"": 5, ""label"": ""promontory"", ""confidence"": 0.0519}]",True,mountain
Places365_val_00006321.jpg,/Users/aidahamzic/PycharmProjects/PythonProject1/val_256/Places365_val_00006321.jpg,mountain,lakeside,0.1865,"[{""rank"": 1, ""label"": ""lakeside"", ""confidence"": 0.1865}, {""rank"": 2, ""label"": ""promontory"", ""confidence"": 0.1551}, {""rank"": 3, ""label"": ""volcano"", ""confidence"": 0.1301}, {""rank"": 4, ""label"": ""sandbar"", ""confidence"": 0.112}, {""rank"": 5, ""label"": ""seashore"", ""confidence"": 0.0385}]",True,mountain
Places365_val_00006556.jpg,/Users/aidahamzic/PycharmProjects/PythonProject1/val_256/Places365_val_00006556.jpg,highway,traffic light,0.2341,"[{""rank"": 1, ""label"": ""traffic light"", ""confidence"": 0.2341}, {""rank"": 2, ""label"": ""flagpole"", ""confidence"": 0.1987}, {""rank"": 3, ""label"": ""pole"", ""confidence"": 0.1485}, {""rank"": 4, ""label"": ""mobile home"", ""confidence"": 0.1176}, {""rank"": 5, ""label"": ""trolleybus"", ""confidence"": 0.0337}]",True,street
Places365_val_00006740.jpg,/Users/aidahamzic/PycharmProjects/PythonProject1/val_256/Places365_val_00006740.jpg,glacier,valley,0.1843,"[{""rank"": 1, ""label"": ""valley"", ""confidence"": 0.1843}, {""rank"": 2, ""label"": ""alp"", ""confidence"": 0.1653}, {""rank"": 3, ""label"": ""lakeside"", ""confidence"": 0.1486}, {""rank"": 4, ""label"": ""snowmobile"", ""confidence"": 0.0725}, {""rank"": 5, ""label"": ""dogsled"", ""confidence"": 0.0547}]",True,glacier
Places365_val_00006910.jpg,/Users/aidahamzic/PycharmProjects/PythonProject1/val_256/Places365_val_00006910.jpg,highway,trailer truck,0.2056,"[{""rank"": 1, ""label"": ""trailer truck"", ""confidence"": 0.2056}, {""rank"": 2, ""label"": ""lakeside"", ""confidence"": 0.1204}, {""rank"": 3, ""label"": ""streetcar"", ""confidence"": 0.0937}, {""rank"": 4, ""label"": ""container ship"", ""confidence"": 0.0593}, {""rank"": 5, ""label"": ""traffic light"", ""confidence"": 0.0526}]",True,street
Places365_val_00007013.jpg,/Users/aidahamzic/PycharmProjects/PythonProject1/val_256/Places365_val_00007013.jpg,mountain,valley,0.4813,"[{""rank"": 1, ""label"": ""valley"", ""confidence"": 0.4813}, {""rank"": 2, ""label"": ""cliff"", ""confidence"": 0.4477}, {""rank"": 3, ""label"": ""alp"", ""confidence"": 0.0321}, {""rank"": 4, ""label"": ""promontory"", ""confidence"": 0.0105}, {""rank"": 5, ""label"": ""suspension bridge"", ""confidence"": 0.0099}]",True,mountain
Places365_val_00007143.jpg,/Users/aidahamzic/PycharmProjects/PythonProject1/val_256/Places365_val_00007143.jpg,street,forklift,0.3227,"[{""rank"": 1, ""label"": ""forklift"", ""confidence"": 0.3227}, {""rank"": 2, ""label"": ""unicycle"", ""confidence"": 0.0847}, {""rank"": 3, ""label"": ""barbell"", ""confidence"": 0.0759}, {""rank"": 4, ""label"": ""jinrikisha"", ""confidence"": 0.0657}, {""rank"": 5, ""label"": ""moped"", ""confidence"": 0.0387}]",True,street
Places365_val_00007187.jpg,/Users/aidahamzic/PycharmProjects/PythonProject1/val_256/Places365_val_00007187.jpg,mountain,lakeside,0.3599,"[{""rank"": 1, ""label"": ""lakeside"", ""confidence"": 0.3599}, {""rank"": 2, ""label"": ""canoe"", ""confidence"": 0.1974}, {""rank"": 3, ""label"": ""promontory"", ""confidence"": 0.1214}, {""rank"": 4, ""label"": ""valley"", ""confidence"": 0.0365}, {""rank"": 5, ""label"": ""sandbar"", ""confidence"": 0.0247}]",True,mountain
Places365_val_00007204.jpg,/Users/aidahamzic/PycharmProjects/PythonProject1/val_256/Places365_val_00007204.jpg,forest-broadleaf,lakeside,0.3552,"[{""rank"": 1, ""label"": ""lakeside"", ""confidence"": 0.3552}, {""rank"": 2, ""label"": ""mountain tent"", ""confidence"": 0.0358}, {""rank"": 3, ""label"": ""park bench"", ""confidence"": 0.0228}, {""rank"": 4, ""label"": ""obelisk"", ""confidence"": 0.0207}, {""rank"": 5, ""label"": ""valley"", ""confidence"": 0.0175}]",True,forest
Places365_val_00007235.jpg,/Users/aidahamzic/PycharmProjects/PythonProject1/val_256/Places365_val_00007235.jpg,mountain,alp,0.6673,"[{""rank"": 1, ""label"": ""alp"", ""confidence"": 0.6673}, {""rank"": 2, ""label"": ""valley"", ""confidence"": 0.247}, {""rank"": 3, ""label"": ""mountain tent"", ""confidence"": 0.0213}, {""rank"": 4, ""label"": ""volcano"", ""confidence"": 0.0195}, {""rank"": 5, ""label"": ""lakeside"", ""confidence"": 0.0077}]",True,mountain
Places365_val_00007303.jpg,/Users/aidahamzic/PycharmProjects/PythonProject1/val_256/Places365_val_00007303.jpg,glacier,alp,0.6018,"[{""rank"": 1, ""label"": ""alp"", ""confidence"": 0.6018}, {""rank"": 2, ""label"": ""valley"", ""confidence"": 0.3196}, {""rank"": 3, ""label"": ""cliff"", ""confidence"": 0.0416}, {""rank"": 4, ""label"": ""mountain tent"", ""confidence"": 0.0096}, {""rank"": 5, ""label"": ""promontory"", ""confidence"": 0.0046}]",True,glacier
Places365_val_00007346.jpg,/Users/aidahamzic/PycharmProjects/PythonProject1/val_256/Places365_val_00007346.jpg,glacier,alp,0.5815,"[{""rank"": 1, ""label"": ""alp"", ""confidence"": 0.5815}, {""rank"": 2, ""label"": ""valley"", ""confidence"": 0.2538}, {""rank"": 3, ""label"": ""cliff"", ""confidence"": 0.065}, {""rank"": 4, ""label"": ""mountain tent"", ""confidence"": 0.0339}, {""rank"": 5, ""label"": ""marmot"", ""confidence"": 0.0102}]",True,glacier
Places365_val_00007349.jpg,/Users/aidahamzic/PycharmProjects/PythonProject1/val_256/Places365_val_00007349.jpg,glacier,alp,0.9574,"[{""rank"": 1, ""label"": ""alp"", ""confidence"": 0.9574}, {""rank"": 2, ""label"": ""ski"", ""confidence"": 0.0163}, {""rank"": 3, ""label"": ""snowmobile"", ""confidence"": 0.0056}, {""rank"": 4, ""label"": ""mountain tent"", ""confidence"": 0.0048}, {""rank"": 5, ""label"": ""valley"", ""confidence"": 0.0046}]",True,glacier
Places365_val_00007662.jpg,/Users/aidahamzic/PycharmProjects/PythonProject1/val_256/Places365_val_00007662.jpg,alley,prison,0.2918,"[{""rank"": 1, ""label"": ""prison"", ""confidence"": 0.2918}, {""rank"": 2, ""label"": ""streetcar"", ""confidence"": 0.275}, {""rank"": 3, ""label"": ""trolleybus"", ""confidence"": 0.0676}, {""rank"": 4, ""label"": ""garbage truck"", ""confidence"": 0.0453}, {""rank"": 5, ""label"": ""bullet train"", ""confidence"": 0.0415}]",True,street
Places365_val_00007679.jpg,/Users/aidahamzic/PycharmProjects/PythonProject1/val_256/Places365_val_00007679.jpg,mountain,alp,0.661,"[{""rank"": 1, ""label"": ""alp"", ""confidence"": 0.661}, {""rank"": 2, ""label"": ""volcano"", ""confidence"": 0.0984}, {""rank"": 3, ""label"": ""promontory"", ""confidence"": 0.0798}, {""rank"": 4, ""label"": ""valley"", ""confidence"": 0.0636}, {""rank"": 5, ""label"": ""cliff"", ""confidence"": 0.0333}]",True,mountain
Places365_val_00007894.jpg,/Users/aidahamzic/PycharmProjects/PythonProject1/val_256/Places365_val_00007894.jpg,forest-broadleaf,suspension bridge,0.185,"[{""rank"": 1, ""label"": ""suspension bridge"", ""confidence"": 0.185}, {""rank"": 2, ""label"": ""maypole"", ""confidence"": 0.0713}, {""rank"": 3, ""label"": ""valley"", ""confidence"": 0.0434}, {""rank"": 4, ""label"": ""greenhouse"", ""confidence"": 0.0366}, {""rank"": 5, ""label"": ""worm fence"", ""confidence"": 0.0321}]",True,forest
Places365_val_00007896.jpg,/Users/aidahamzic/PycharmProjects/PythonProject1/val_256/Places365_val_00007896.jpg,highway,police van,0.145,"[{""rank"": 1, ""label"": ""police van"", ""confidence"": 0.145}, {""rank"": 2, ""label"": ""trolleybus"", ""confidence"": 0.1129}, {""rank"": 3, ""label"": ""minibus"", ""confidence"": 0.1017}, {""rank"": 4, ""label"": ""moving van"", ""confidence"": 0.0909}, {""rank"": 5, ""label"": ""ambulance"", ""confidence"": 0.0802}]",True,street
Places365_val_00008121.jpg,/Users/aidahamzic/PycharmProjects/PythonProject1/val_256/Places365_val_00008121.jpg,forest-broadleaf,lakeside,0.0451,"[{""rank"": 1, ""label"": ""lakeside"", ""confidence"": 0.0451}, {""rank"": 2, ""label"": ""volcano"", ""confidence"": 0.0264}, {""rank"": 3, ""label"": ""valley"", ""confidence"": 0.0263}, {""rank"": 4, ""label"": ""maypole"", ""confidence"": 0.0241}, {""rank"": 5, ""label"": ""flagpole"", ""confidence"": 0.0226}]",True,forest
Places365_val_00008278.jpg,/Users/aidahamzic/PycharmProjects/PythonProject1/val_256/Places365_val_00008278.jpg,mountain,cliff,0.838,"[{""rank"": 1, ""label"": ""cliff"", ""confidence"": 0.838}, {""rank"": 2, ""label"": ""cliff dwelling"", ""confidence"": 0.1454}, {""rank"": 3, ""label"": ""ibex"", ""confidence"": 0.0024}, {""rank"": 4, ""label"": ""valley"", ""confidence"": 0.0024}, {""rank"": 5, ""label"": ""promontory"", ""confidence"": 0.002}]",True,mountain
Places365_val_00008371.jpg,/Users/aidahamzic/PycharmProjects/PythonProject1/val_256/Places365_val_00008371.jpg,mountain,volcano,0.613,"[{""rank"": 1, ""label"": ""volcano"", ""confidence"": 0.613}, {""rank"": 2, ""label"": ""alp"", ""confidence"": 0.2165}, {""rank"": 3, ""label"": ""cliff"", ""confidence"": 0.0438}, {""rank"": 4, ""label"": ""bison"", ""confidence"": 0.0268}, {""rank"": 5, ""label"": ""promontory"", ""confidence"": 0.0186}]",True,mountain
